Workbook

Sheet 1.Sản phẩm
A1: KẾ HOẠCH MARKETING:
A2: SẢN PHẨM/ DỊCH VỤ KINH DOANH (ĐỒ CHƠI GỖ TRẺ EM)
A7: TT | B7: Tên sản phẩm/ dịch vụ | C7: ĐVT | D7: Hình ảnh SP | E7: Đặc điểm (Thành phần & Quy cách) | F7: Lợi thế | G7: Lợi ích | H7: Chất liệu | I7: Màu sắc | J7: Size | K7: Mô tả dịch vụ
A8: 1 | B8: Bảng chữ cái nổi | C8: Cái | E8: Gỗ Dẻ gai / Sồi. Chữ cái cắt rời, sơn gốc nước nhiều màu. Đóng hộp giấy kraft cao cấp. | F8: Tính giáo dục cao, thiết kế 3D giúp trẻ dễ cầm nắm. | G8: Phát triển thị giác, xúc giác và nhận biết mặt chữ sớm. | H8: Gỗ tự nhiên | I8: Đa màu sắc (Đỏ, xanh, vàng...) | J8: 30 x 20 cm | K8: Giúp bé nhận biết chữ cái & phát triển tư duy
A9: 2 | B9: Bộ khối lắp ráp | C9: Bao | E9: Gỗ Thông/Cao su tự nhiên. Các khối hình học (vuông, tròn, tam giác). Túi vải canvas đựng đồ. | F9: Linh hoạt, số lượng chi tiết lớn nhưng giá vốn thấp. | G9: Kích thích sáng tạo, tư duy hình khối và phối hợp tay mắt. | H9: Gỗ cao cấp | I9: Phối nhiều màu | J9: 50 chi tiết | K9: Rèn luyện khả năng sáng tạo & khéo tay
A10: 3 | B10: Đồ chơi xếp chồng | C10: Cái | E10: Các vòng gỗ kích thước khác nhau lồng vào trục. Mài nhẵn bề mặt bằng sáp ong. | F10: Sản phẩm "phễu" dễ bán, quy trình làm nhanh, ít tốn gỗ. | G10: Học về kích thước (to/nhỏ) và sự khéo léo của đôi tay. | H10: Gỗ tự nhiên | I10: Đa màu sắc | J10: 15 x 15 x 20 cm | K10: Rèn tư duy logic & phân biệt kích thước
A11: 4 | B11: Xe tập đi gỗ | C11: Cái | E11: Cấu trúc chữ L vững chãi, có tiếng lách cách khi đẩy. Bánh xe bọc cao su chống trượt. | F11: Độ bền vượt trội so với xe nhựa, trọng lượng đầm giúp bé an toàn. | G11: Hỗ trợ vận động, giúp bé tự tin trong những bước đi đầu đời. | H11: Gỗ cao cấp | I11: Tự nhiên - Đỏ - Xanh | J11: 40 x 30 x 45 cm | K11: Hỗ trợ bé tập đi an toàn, chống trượt
A12: 5 | B12: Ngựa bập bênh | C12: Cái | E12: Gỗ tấm dày (20-30mm), ghép mộng chắc chắn. Bề mặt sơn mờ bóng hoặc lau dầu | F12: Giá trị decor cao, là món quà sang trọng cho các dịp thôi nôi. | G12: Rèn luyện khả năng giữ thăng bằng và sức mạnh cơ bắp cho bé. | H12: Gỗ tự nhiên | I12: Gỗ mộc / Vàng chanh | J12: 68 x 30 x 50 cm | K12: Tăng cường vận động & khả năng thăng bằng
A13: 6 | B13: Bộ xếp hình lâu đài | C13: Cái | E13: Các khối gỗ hình trụ, mái chóp, cổng thành. | F13: Đa năng, chơi được nhiều cách phối hợp. | G13: Xây dựng tư duy logic và tính kiên trì. | H13: Gỗ cao cấp | I13: Đa màu sắc | J13: 100 chi tiết | K13: Phát triển trí tưởng tượng & không gian
A14: 7 | B14: Đồ chơi câu cá gỗ | C14: Cái | E14: Gồm cần câu có nam châm và các con cá gỗ. | F14: Tương tác tốt (có thể chơi cùng ba mẹ/bạn bè). | G14: Luyện sự khéo léo của đôi tay và tính tập trung. | H14: Gỗ & Nam châm | I14: Đa màu sắc | J14: 25 x 20 cm | K14: Rèn luyện sự khéo léo & tính kiên nhẫn
A15: 8 | B15: Bộ rút gỗ | C15: Cái | E15: Các thanh gỗ hình chữ nhật đồng nhất về kích thước. | F15: Giá siêu rẻ (35k), phù hợp làm quà tặng kèm. | G15: Rèn luyện sự bình tĩnh và khả năng quan sát. | H15: Gỗ thông | I15: Màu gỗ tự nhiên | J15: 15 x 15 x 20 cm | K15: Trò chơi gia đình, rèn sự khéo léo
A16: 9 | B16: Bảng luồn hạt | C16: Cái | E16: Hạt gỗ đầy màu sắc chạy dọc theo khung dây thép. | F16: Độ bền cực cao, không lo hỏng hóc hay thất lạc chi tiết. | G16: Phát triển vận động tinh và phối hợp tay - mắt. | H16: Gỗ & Thép bọc nhựa | I16: Phối nhiều màu | J16: 20 x 15 x 18 cm | K16: Rèn luyện vận động tinh của đôi tay
A17: 10 | B17: Bảng vẽ tự xóa | C17: Cái | E17: Khung gỗ, mặt bảng phủ lớp vật liệu dễ xóa. | F17: Sạch sẽ, bảo vệ môi trường, không dùng phấn/mực. | G17: Khuyến khích bé sáng tạo, vẽ vời không giới hạn. | H17: Gỗ & Nhựa ABS | I17: Xanh - Hồng | J17: 30 x 25 cm | K17: Cho bé thỏa sức sáng tạo không bẩn tay
B19: Ghi chú:
B20: Đối với sản phẩm hữu hình: điền cột màu xanh
B21: Đối với dịch vụ: điền cột màu cam
B23: Đối với DN bán lẻ/bán sỉ: tối thiểu 10 sản phẩm
B24: Đối với DN sản xuất: tối thiểu 8 sản phẩm
B25: Đối với DN cung cấp dịch vụ: tối thiểu 4 dịch vụ

Sheet 2.Giá
A1: KẾ HOẠCH MARKETING:
F3: ĐVT: Đồng
A4: TT | B4: Tên sản phẩm, dịch vụ | C4: ĐVT | D4: Giá nhập/ Giá thành | E4: Giá bán | F4: Tỷ suất lời (%) | G4: Giá bán của đối thủ Việt Tiến | H4: Link giá đối thủ 1 | I4: Giá bán của đối thủ B | J4: Link giá đối thủ 2
A5: 1 | B5: Bảng chữ cái nổi | C5: Cái | D5: 150000 | E5: 259000 | F5: =(E5-D5)/D5 -> 0.72666667 | G5: 259000 | H5: https://linhanhkids.com/san-pham/bang-chu-cai-noi-tieng-viet-thong-minh/ | I5: 165000 | J5: https://shopee.vn/search?keyword=b%E1%BA%A3ng+ch%E1%BB%AF+c%C3%A1i+gh%C3%A9p+nam+ch%C3%A2m+cho+b%C3%A9&utm_source=chatgpt.com
A6: 2 | B6: Bộ khối lắp ráp | C6: Bao | D6: 100000 | E6: 189000 | F6: =(E6-D6)/D6 -> 0.89 | G6: 189000 | H6: https://kenhchinhhang.vn/product/bo-mo-hinh-lego-van-ly-truong-thanh-hung-vi-moyu-92007 | I6: 185000 | J6: https://shopee.vn/search?keyword=b%E1%BB%99%20kh%E1%BB%91i%20l%E1%BA%AFp%20r%C3%A1p
A7: 3 | B7: Đồ chơi xếp chồng | C7: Cái | D7: 70000 | E7: 139000 | F7: =(E7-D7)/D7 -> 0.98571429 | G7: 139000 | H7: https://linhanhkids.com/danh-muc/do-choi-thong-minh-tri-tue/xep-chong-tha-hinh/ | I7: 827000 | J7: https://shopee.vn/bingsutoys?utm_source=chatgpt.com
A8: 4 | B8: Ngựa bập bênh | C8: Cái | D8: 500000 | E8: 950000 | F8: =(E8-D8)/D8 -> 0.9 | G8: 950000 | H8: https://www.lazada.vn/tag/bap-benh-nhua-cho-be/ | I8: 163000 | J8: https://babycuatoi.vn/bap-benh?srsltid=AfmBOop1-_i2kdnNN4XQ9E9R_EDBHUitq-ggTymZL61exUQX2_-3NzFb
A9: 5 | B9: Xe tập đi gỗ | C9: Cái | D9: 250000 | E9: 420000 | F9: =(E9-D9)/D9 -> 0.68 | G9: 420000 | H9: https://thegioixechobe.com/do-choi-tre-em/xe-tap-di-cho-be-bang-go-cao-cap-chinh-hang-iq-viet-nam.html | I9: 185000 | J9: https://xedientiengiang.com/xe-tap-di-go
A10: 6 | B10: Bộ xếp hình lâu đài | C10: Cái | D10: 120000 | E10: 185000 | F10: =(E10-D10)/D10 -> 0.54166667 | G10: 185000 | H10: https://kenhchinhhang.vn/product/bo-mo-hinh-lego-lau-dai-da-swan-moyu-92041 | I10: 69000 | J10: https://cosymart.vn/lego-lau-dai-cong-chua-hong-596-pics
A11: 7 | B11: Đồ chơi câu cá gỗ | C11: Cái | D11: 45000 | E11: 85000 | F11: =(E11-D11)/D11 -> 0.88888889 | G11: 85000 | H11: https://www.lazada.vn/tag/do-choi-cau-ca/?srsltid=AfmBOorgjqy90nNC_Ohn2tudqKJjdI0ryEBCbDstG0eJiitXYwU1p-iI | I11: 100000 | J11: https://tranganhbabystore.com/bo-do-choi-go-cau-ca-logic-6in1
A12: 8 | B12: Bộ rút gỗ | C12: Cái | D12: 35000 | E12: 65000 | F12: =(E12-D12)/D12 -> 0.85714286 | G12: 65000 | H12: https://huyphu.com/bo-do-choi-rut-go-wiss-toy | I12: 75000 | J12: https://cosymart.vn/rut-go-mau
A13: 9 | B13: Bảng luồn hạt | C13: Cái | D13: 55000 | E13: 95000 | F13: =(E13-D13)/D13 -> 0.72727273 | G13: 95000 | H13: https://banghehocsinh.vn/san-pham/bo-luon-hat-phi-thuyen/ | I13: 75000 | J13: https://www.phudienhanoi.com.vn/bo-luon-hat-3-khung
A14: 10 | B14: Bảng vẽ tự xóa | C14: Cái | D14: 110000 | E14: 170000 | F14: =(E14-D14)/D14 -> 0.54545455 | G14: 170000 | H14: https://mbmart.com.vn/ban-bang-ve-tu-xoa-thong-minh-no776?srsltid=AfmBOoplskc5iQb-mRjK7owYgxz5DUz4tw2QpJuAilLX5sF8xlHgYOLa | I14: 58500 | J14: https://smarthomekn.vn/bang-ve-dien-tu-thong-minh-tu-xoa-cho-be-12-inch-da-mau
A20: TT | B20: Nội dung | E20: Mô tả
A21: 1 | B21: Phương pháp định giá: | E21: Định giá dựa trên chi phí (Cost-Plus) cộng tỷ suất lợi nhuận mong muốn, đồng thời tham khảo và so sánh với giá thị trường / đối thủ cạnh tranh.
A22: 2 | B22: Mức chiết khấu: | E22: Giảm 5% - 10% đơn lẻ giá trị cao; chiết khấu 15% - 20% cho khách sỉ/trường học.
A23: 3 | B23: Đối tượng chiết khấu (nếu có): | E23: Khách hàng thân thiết, trường mầm non và các đại lý nhập số lượng lớn.
A24: 4 | B24: Bán chịu cho khách hàng sau: | E24: Trường mầm non, trung tâm giáo dục và đối tác đại lý lâu năm.
A25: 5 | B25: Lý do bán chịu: | E25: Giữ chân khách hàng B2B, kích thích đơn hàng lớn và tăng cạnh tranh.

Sheet 3.Địa điểm
A1: KẾ HOẠCH MARKETING:
A2: ĐỊA ĐIỂM (PLACE)
A4: TT | B4: Nội dung | C4: Mô tả | D4: Ghi chú
A5: 1 | B5: Địa chỉ kinh doanh | C5: 44 Đường Phan Chu Trinh, Phường Buôn Ma Thuột, Đắk Lắk | D5: https://www.facebook.com/share/p/1BrcZTpxwq/
A6: 2 | B6: Lý do chọn địa điểm này | C6: Ngay mặt tiền, gần khu dân cư đông đúc, có mặt bằng để kinh doanh, kèm theo có phòng để trông coi tiệm, nghỉ ngơi | D6: Tận dụng được tối đa lưu lượng người qua lại tự nhiên (organic traffic) mỗi ngày
A7: 3 | B7: Diện tích | C7: 50 mét vuông | D7: Cần đủ không gian để phân chia rõ ràng 2 khu vực: quầy kệ văn phòng phẩm (gọn gàng, nhiều chi tiết) và khu đồ gia dụng (cần không gian rộng hơn).
A8: 4 | B8: Chi phí thuê hàng tháng | C8: 7000000 | D8: đồng/tháng
A9: 5 | B9: Số tiền đặt cọc (nếu có) | C9: =C8*1 -> 7000000 | D9: Cọc 1 tháng (ĐVT: đồng)
A10: 6 | B10: Phương thức phân phối | C10: Trực tiếp tại cửa hàng, Online, Facebook, Tiktok,Zalo OA. | D10: Kết hợp mô hình kinh doanh O2O (Online to Offline) để tối ưu doanh thu.
A11: 7 | B11: Lý do chọn phương thức phân phối này | C11: Offline: Tiện lợi thu hút khách hàng bằng các phương pháp marketing truyền thống, tiếp cận trực tiếp khách hàng, dễ dàng trao đổi, tư vấn, phục vụ khách hàng,.... | D11: Giảm thiểu rủi ro phụ thuộc vào một kênh bán hàng duy nhất, tăng khả năng cạnh tranh.
C12: Online: Tối ưu chi phí, tăng doanh số nhờ công nghệ phát triển, tiếp cận với khách hàng mọi lúc mọi nơi,....

Sheet 4.Xúc tiến
A1: Tháng 01 - 06 (Giai đoạn tung sản phẩm & Xây dựng nhận diện)
A3: ĐVT: Đồng | B3: Tháng 01 - 06 | F3: ĐVT: Đồng
B4: Nội dung thực hiện | C4: Tần suất thực hiện | D4: Đơn giá | E4: Chi phí dự kiến | F4: Ghi chú | G4: Diễn giải CP
A5: I | B5: Offline
A6: 1 | B6: Chương trình giảm 15% tuần lễ khai trương | C6: 1 lần | D6: 2000000 | E6: 2000000 | F6: Chiết khấu trực tiếp vào giá bán, giảm biên độ lợi nhuận
A7: 2 | B7: Phát tờ rơi kèm Voucher giảm giá | C7: 2 lần/tháng | D7: 500000 | E7: 6000000 | F7: Phát tại các trường mầm non, khu vui chơi quanh Buôn Ma Thuột/Thanh Hóa
A8: 3 | B8: Tặng kèm móc khóa gỗ khắc tên cho đơn >300k | C8: Liên tục | D8: 10000 | E8: 1500000 | F8: Dự kiến 150 móc khóa (chi phí nguyên liệu + nhân công khắc)
A9: II | B9: Online
A10: 1 | B10: Facebook Ads & Shopee Ads | C10: 6 tháng | D10: 2000000 | E10: 12000000 | F10: Chạy mục tiêu tương tác, nhắm tới tệp phụ huynh 25-40 tuổi
A11: 2 | B11: Sản xuất Viral Video trên TikTok/Reels | C11: 2 video/tháng | D11: 200000 | E11: 2400000 | F11: Quay quá trình làm đồ thủ công, test độ an toàn của sơn nước
A12: 3 | B12: Phí tham gia các gói Freeship Extra của Shopee | C12: Hàng tháng | D12: 500000 | E12: 3000000 | F12: Hỗ trợ phí ship để kích thích chốt đơn hàng xa
A13: Tháng 07 - 12 (Giai đoạn đẩy mạnh doanh số & Phát triển B2B) | E13: =C13*D13 -> 0
B14: Tổng cộng | E14: =SUM(E6:E12) -> 26900000
A15: ĐVT: Đồng
B16: Tháng 07 - 12 | F16: ĐVT: Đồng
A17: I | B17: Offline
A18: 1 | B18: Chào hàng trực tiếp (B2B) tới trường mầm non | C18: 1 lần/tháng | D18: 400000 | E18: 2400000 | F18: Chi phí đi lại, in catalogue và gửi sản phẩm mẫu (sample)
A19: 2 | B19: Tham gia hội chợ triển lãm Mẹ & Bé | C19: 1 lần | D19: 3500000 | E19: 3500000 | F19: Phí thuê gian hàng trưng bày và banner
A20: 3 | B20: Tổ chức Workshop "Cùng bé tô màu đồ chơi gỗ" | C20: 1 lần/quý | D20: 1500000 | E20: 3000000 | F20: Tạo phễu khách hàng trực tiếp, chi phí bao gồm phôi gỗ và sơn
A21: II | B21: Online
A22: 1 | B22: Facebook Ads & Shopee Ads (duy trì) | C22: 6 tháng | D22: 2000000 | E22: 12000000 | F22: Đẩy mạnh vào các dịp 1/6, Trung thu, Noel
A23: 2 | B23: Booking KOC (Mẹ bỉm sữa review trên TikTok) | C23: 1 người/quý | D23: 1500000 | E23: 3000000 | F23: Tặng sản phẩm + phí booking để tăng độ uy tín (trust)
A24: 3 | B24: Thiết kế lại bộ ảnh sản phẩm chuẩn Concept lễ hội | C24: 1 lần | D24: 1000000 | E24: 1000000 | F24: Mua phụ kiện decor chụp ảnh sản phẩm mùa Trung thu, Giáng sinh
B25: Tổng cộng | E25: =SUM(E18:E24) -> 24900000
B27: Gợi ý các hình thức xúc tiến có thể thực hiện:
B28: Quảng cáo
B29: Khuyến mại & khuyến mãi
B30: PR
B31: Bán hàng cá nhân

Sheet 5.Cơ cấu tổ chức
C1: SƠ ĐỒ TỔ CHỨC
A3: CƠ CẤU TỔ CHỨC
A19: TT | B19: Nội dung | C19: Thông tin
A20: 1 | B20: Hình thức pháp lý của doanh nghiệp: | C20: Công ty trách nhiệm hữu hạn một thành viên
A21: 2 | B21: Chủ sở hữu | C21: Nguyễn Hoàng Sơn
A22: 3 | B22: Người đại diện theo pháp luật | C22: Ngọc Hoàng Đan Vy

Sheet 6.NV và Chi phí
A1: NHÂN VIÊN VÀ CHI PHÍ
A3: Tiền lương | G3: Số tiền BHXH + BHYT + BHTN doanh nghiệp phải chi trả
E4: ĐVT: Đồng/tháng | L4: ĐVT: Đồng/tháng
A5: TT | B5: Chức danh | C5: Số lượng | D5: Mức lương | E5: Tổng cộng | G5: Mức lương đóng BHXH | H5: BHXH | I5: BHYT | J5: BHTN | K5: Kinh phí công đoàn | L5: Tổng cộng
A6: 1 | B6: Giám đốc | C6: 1 | G6: =E6 | H6: =C6*G6*$H$15 -> 0 | I6: =C6*G6*$I$15 -> 0 | J6: =C6*G6*$J$15 -> 0 | K6: =C6*G6*$K$15 -> 0 | L6: =SUM(H6:K6) -> 0
A7: 2 | B7: Quản lý | C7: 1 | D7: 7000000 | E7: =C7*D7 -> 7000000 | G7: =D7 -> 7000000 | H7: =C7*G7*$H$15 -> 1225000 | I7: =C7*G7*$I$15 -> 210000 | J7: =C7*G7*$J$15 -> 70000 | K7: =C7*G7*$K$15 -> 140000 | L7: =SUM(H7:K7) -> 1645000
A8: 3 | B8: Nhân viên bán hàng Marketing | C8: 1 | D8: 6000000 | E8: =C8*D8 -> 6000000 | G8: 6000000 | H8: =C8*G8*$H$15 -> 1050000 | I8: =C8*G8*$I$15 -> 180000 | J8: =C8*G8*$J$15 -> 60000 | K8: =C8*G8*$K$15 -> 120000 | L8: =SUM(H8:K8) -> 1410000
A9: 4 | B9: Nhân viên bán hàng 1 | C9: 1 | D9: 5000000 | E9: =C10*D10 -> 5000000 | G9: 5000000 | H9: =C9*G9*$H$15 -> 875000 | I9: =C9*G9*$I$15 -> 150000 | J9: =C9*G9*$J$15 -> 50000 | K9: =C9*G9*$K$15 -> 100000 | L9: =SUM(H9:K9) -> 1175000
A10: 5 | B10: Nhân viên bán hàng 2 | C10: 1 | D10: 5000000 | E10: =C10*D10 -> 5000000 | G10: 5000000 | H10: =C10*G10*$H$15 -> 875000 | I10: =C10*G10*$I$15 -> 150000 | J10: =C10*G10*$J$15 -> 50000 | K10: =C10*G10*$K$15 -> 100000 | L10: =SUM(H10:K10) -> 1175000
A11: 6 | B11: Nhân viên sản xuất 1 | C11: 1 | D11: 6000000 | E11: =C11*D11 -> 6000000 | G11: 6000000 | H11: =C10*G11*$H$15 -> 1050000 | I11: =C10*G11*$I$15 -> 180000 | J11: =C10*G11*$J$15 -> 60000 | K11: =C10*G11*$K$15 -> 120000 | L11: =SUM(H11:K11) -> 1410000
A12: 7 | B12: Nhân viên sản xuất 2 | C12: 1 | D12: 6000000 | E12: =C12*D12 -> 6000000 | G12: 6000000 | H12: =C11*G12*$H$15 -> 1050000 | I12: =C11*G12*$I$15 -> 180000 | J12: =C11*G12*$J$15 -> 60000 | K12: =C11*G12*$K$15 -> 120000 | L12: =SUM(H12:K12) -> 1410000
B13: Tổng cộng | C13: =SUM(C6:C12) -> 7 | E13: =SUM(E7:E12) -> 35000000 | H13: =SUM(H6:H12) -> 6125000 | I13: =SUM(I6:I12) -> 1050000 | J13: =SUM(J6:J12) -> 350000 | K13: =SUM(K6:K12) -> 700000 | L13: =SUM(L6:L12) -> 8225000
G15: Tỷ lệ nộp: | H15: 0.175 | I15: 0.03 | J15: 0.01 | K15: 0.02
B17: Mức lương tính BHXH, BHYT, BHTN xác định theo Quyết định 595/QĐ-BHXH ngày 14/4/2017
B18: Tỷ lệ nộp BHXH, BHYT, BHTN xác định theo Luật BHXH năm 2014 và các văn bản điều chỉnh
H19: Link hướng dẫn
B20: Lương tối thiểu vùng | C20: 4730000 | D20: Công ty ở Thanh Hóa – Thuộc vùng II | H20: https://ketoanthienung.net/muc-luong-toi-thieu-vung-nam-moi-nhat-hien-nay.htm
B21: Chế độ bảo hiểm cho NLĐ | C21: 180000 | D21: BHXH: 876,000 ; BHYT:280,000; BHTN:80,000; KPCD:200,000 | H21: https://ketoanthienung.org/tin-tuc/quy-dinh-ve-ty-le-dong-bhxh-bhyt-bhtn-moi-nhat.htm

Sheet 7.Ước tính doanh thu
A2: ƯỚC TÍNH DOANH THU | Q2: Doanh số dự kiến tháng => năm | AG2: Doanh số dự kiến tháng => năm | AW2: Doanh số dự kiến tháng => năm | BM2: Doanh số dự kiến tháng => năm | CC2: Doanh số dự kiến tháng => năm | CS2: Doanh số dự kiến tháng => năm | DI2: Doanh số dự kiến tháng => năm
A4: Nội dung | D4: Tháng | P4: Tổng
D5: Tháng 1 | E5: Tháng 2 | F5: Tháng 3 | G5: Tháng 4 | H5: Tháng 5 | I5: Tháng 6 | J5: Tháng 7 | K5: Tháng 8 | L5: Tháng 9 | M5: Tháng 10 | N5: Tháng 11 | O5: Tháng 12
A6: 1 | B6: Bảng chữ cái nổi | C6: Số lượng | D6: 33 | E6: 35 | F6: 28 | G6: 25 | H6: 28 | I6: 35 | J6: 26 | K6: 28 | L6: 38 | M6: 30 | N6: 32 | O6: 35 | P6: =SUM(D6:O6) -> 373
C7: Đơn giá | D7: ='2.Giá'!E5 -> 259000 | E7: ='2.Giá'!$E$5 -> 259000 | F7: ='2.Giá'!$E$5 -> 259000 | G7: ='2.Giá'!$E$5 -> 259000 | H7: ='2.Giá'!$E$5 -> 259000 | I7: ='2.Giá'!$E$5 -> 259000 | J7: ='2.Giá'!$E$5 -> 259000 | K7: ='2.Giá'!$E$5 -> 259000 | L7: ='2.Giá'!$E$5 -> 259000 | ... O7: ='2.Giá'!$E$5 -> 259000
C8: Doanh thu | D8: =D6*D7 -> 8547000 | E8: =E6*E7 -> 9065000 | F8: =F6*F7 -> 7252000 | G8: =G6*G7 -> 6475000 | H8: =H6*H7 -> 7252000 | I8: =I6*I7 -> 9065000 | J8: =J6*J7 -> 6734000 | K8: =K6*K7 -> 7252000 | ... O8: =O6*O7 -> 9065000 | P8: =SUM(D8:O8) -> 96607000
A9: 2 | B9: ='2.Giá'!B6 -> Bộ khối lắp ráp | C9: Số lượng | D9: 32 | E9: 35 | F9: 25 | G9: 22 | H9: 25 | I9: 32 | J9: 23 | K9: 25 | L9: 36 | M9: 29 | N9: 31 | O9: 34 | P9: =SUM(D9:O9) -> 349
C10: Đơn giá | D10: ='2.Giá'!$E$6 -> 189000 | E10: ='2.Giá'!$E$6 -> 189000 | F10: ='2.Giá'!$E$6 -> 189000 | G10: ='2.Giá'!$E$6 -> 189000 | H10: ='2.Giá'!$E$6 -> 189000 | I10: ='2.Giá'!$E$6 -> 189000 | J10: ='2.Giá'!$E$6 -> 189000 | K10: ='2.Giá'!$E$6 -> 189000 | ... O10: ='2.Giá'!$E$6 -> 189000
C11: Doanh thu | D11: =D9*D10 -> 6048000 | E11: =E9*E10 -> 6615000 | F11: =F9*F10 -> 4725000 | G11: =G9*G10 -> 4158000 | H11: =H9*H10 -> 4725000 | I11: =I9*I10 -> 6048000 | J11: =J9*J10 -> 4347000 | K11: =K9*K10 -> 4725000 | ... O11: =O9*O10 -> 6426000 | P11: =SUM(D11:O11) -> 65961000
A12: 3 | B12: Đồ chơi xếp chồng | C12: Số lượng | D12: 26 | E12: 32 | F12: 22 | G12: 20 | H12: 22 | I12: 35 | J12: 20 | K12: 22 | L12: 45 | M12: 24 | N12: 26 | O12: 28 | P12: =SUM(D12:O12) -> 322
C13: Đơn giá | D13: ='2.Giá'!$E$7 -> 139000 | E13: ='2.Giá'!$E$7 -> 139000 | F13: ='2.Giá'!$E$7 -> 139000 | G13: ='2.Giá'!$E$7 -> 139000 | H13: ='2.Giá'!$E$7 -> 139000 | I13: ='2.Giá'!$E$7 -> 139000 | J13: ='2.Giá'!$E$7 -> 139000 | K13: ='2.Giá'!$E$7 -> 139000 | ... O13: ='2.Giá'!$E$7 -> 139000
C14: Doanh thu | D14: =D12*D13 -> 3614000 | E14: =E12*E13 -> 4448000 | F14: =F12*F13 -> 3058000 | G14: =G12*G13 -> 2780000 | H14: =H12*H13 -> 3058000 | I14: =I12*I13 -> 4865000 | J14: =J12*J13 -> 2780000 | K14: =K12*K13 -> 3058000 | ... O14: =O12*O13 -> 3892000 | P14: =SUM(D14:O14) -> 44758000
A15: 4 | B15: Ngựa bập bênh | C15: Số lượng | D15: 52 | E15: 55 | F15: 50 | G15: 50 | H15: 50 | I15: 55 | J15: 50 | K15: 52 | L15: 55 | M15: 52 | N15: 55 | O15: 55 | P15: =SUM(D15:O15) -> 631
C16: Đơn giá | D16: ='2.Giá'!$E$8 -> 950000 | E16: ='2.Giá'!$E$8 -> 950000 | F16: ='2.Giá'!$E$8 -> 950000 | G16: ='2.Giá'!$E$8 -> 950000 | H16: ='2.Giá'!$E$8 -> 950000 | I16: ='2.Giá'!$E$8 -> 950000 | J16: ='2.Giá'!$E$8 -> 950000 | K16: ='2.Giá'!$E$8 -> 950000 | ... O16: ='2.Giá'!$E$8 -> 950000
C17: Doanh thu | D17: =D15*D16 -> 49400000 | E17: =E15*E16 -> 52250000 | F17: =F15*F16 -> 47500000 | G17: =G15*G16 -> 47500000 | H17: =H15*H16 -> 47500000 | I17: =I15*I16 -> 52250000 | J17: =J15*J16 -> 47500000 | K17: =K15*K16 -> 49400000 | ... O17: =O15*O16 -> 52250000 | P17: =SUM(D17:O17) -> 599450000
A18: 5 | B18: Xe tập đi gỗ | C18: Số lượng | D18: 30 | E18: 32 | F18: 25 | G18: 25 | H18: 26 | I18: 30 | J18: 25 | K18: 28 | L18: 32 | M18: 28 | N18: 32 | O18: 34 | P18: =SUM(D18:O18) -> 347
C19: Đơn giá | D19: ='2.Giá'!$E$9 -> 420000 | E19: ='2.Giá'!$E$9 -> 420000 | F19: ='2.Giá'!$E$9 -> 420000 | G19: ='2.Giá'!$E$9 -> 420000 | H19: ='2.Giá'!$E$9 -> 420000 | I19: ='2.Giá'!$E$9 -> 420000 | J19: ='2.Giá'!$E$9 -> 420000 | K19: ='2.Giá'!$E$9 -> 420000 | ... O19: ='2.Giá'!$E$9 -> 420000
C20: Doanh thu | D20: =D18*D19 -> 12600000 | E20: =E18*E19 -> 13440000 | F20: =F18*F19 -> 10500000 | G20: =G18*G19 -> 10500000 | H20: =H18*H19 -> 10920000 | I20: =I18*I19 -> 12600000 | J20: =J18*J19 -> 10500000 | K20: =K18*K19 -> 11760000 | ... O20: =O18*O19 -> 14280000 | P20: =SUM(D20:O20) -> 145740000
A21: 6 | B21: Bộ xếp hình lâu đài | C21: Số lượng | D21: 32 | E21: 35 | F21: 24 | G21: 22 | H21: 24 | I21: 30 | J21: 24 | K21: 27 | L21: 32 | M21: 29 | N21: 33 | O21: 35 | P21: =SUM(D21:O21) -> 347
C22: Đơn giá | D22: ='2.Giá'!$E$10 -> 185000 | E22: ='2.Giá'!$E$10 -> 185000 | F22: ='2.Giá'!$E$10 -> 185000 | G22: ='2.Giá'!$E$10 -> 185000 | H22: ='2.Giá'!$E$10 -> 185000 | I22: ='2.Giá'!$E$10 -> 185000 | J22: 185000 | K22: ='2.Giá'!$E$10 -> 185000 | L22: ='2.Giá'!$E$10 -> 185000 | M22: ='2.Giá'!$E$10 -> 185000 | N22: ='2.Giá'!$E$10 -> 185000 | O22: ='2.Giá'!$E$10 -> 185000
C23: Doanh thu | D23: =D21*D22 -> 5920000 | E23: =E21*E22 -> 6475000 | F23: =F21*F22 -> 4440000 | G23: =G21*G22 -> 4070000 | H23: =H21*H22 -> 4440000 | I23: =I21*I22 -> 5550000 | J23: =J21*J22 -> 4440000 | K23: =K21*K22 -> 4995000 | ... O23: =O21*O22 -> 6475000 | P23: =SUM(D23:O23) -> 64195000
A24: 7 | B24: Đồ chơi câu cá gỗ | C24: Số lượng | D24: 34 | E24: 40 | F24: 25 | G24: 25 | H24: 28 | I24: 40 | J24: 26 | K24: 29 | L24: 45 | M24: 32 | N24: 35 | O24: 38 | P24: =SUM(D24:O24) -> 397
C25: Đơn giá | D25: ='2.Giá'!$E$11 -> 85000 | E25: ='2.Giá'!$E$11 -> 85000 | F25: ='2.Giá'!$E$11 -> 85000 | G25: ='2.Giá'!$E$11 -> 85000 | H25: ='2.Giá'!$E$11 -> 85000 | I25: ='2.Giá'!$E$11 -> 85000 | J25: ='2.Giá'!$E$11 -> 85000 | K25: ='2.Giá'!$E$11 -> 85000 | ... O25: ='2.Giá'!$E$11 -> 85000
C26: Doanh thu | D26: =D24*D25 -> 2890000 | E26: =E24*E25 -> 3400000 | F26: =F24*F25 -> 2125000 | G26: =G24*G25 -> 2125000 | H26: =H24*H25 -> 2380000 | I26: =I24*I25 -> 3400000 | J26: =J24*J25 -> 2210000 | K26: =K24*K25 -> 2465000 | ... O26: =O24*O25 -> 3230000 | P26: =SUM(D26:O26) -> 33745000
A27: 8 | B27: Bộ rút gỗ | C27: Số lượng | D27: 38 | E27: 42 | F27: 30 | G27: 30 | H27: 32 | I27: 40 | J27: 30 | K27: 33 | L27: 45 | M27: 35 | N27: 38 | O27: 40 | P27: =SUM(D27:O27) -> 433
C28: Đơn giá | D28: ='2.Giá'!$E$12 -> 65000 | E28: ='2.Giá'!$E$12 -> 65000 | F28: ='2.Giá'!$E$12 -> 65000 | G28: ='2.Giá'!$E$12 -> 65000 | H28: ='2.Giá'!$E$12 -> 65000 | I28: ='2.Giá'!$E$12 -> 65000 | J28: ='2.Giá'!$E$12 -> 65000 | K28: ='2.Giá'!$E$12 -> 65000 | ... O28: ='2.Giá'!$E$12 -> 65000
C29: Doanh thu | D29: =D27*D28 -> 2470000 | E29: =E27*E28 -> 2730000 | F29: =F27*F28 -> 1950000 | G29: =G27*G28 -> 1950000 | H29: =H27*H28 -> 2080000 | I29: =I27*I28 -> 2600000 | J29: =J27*J28 -> 1950000 | K29: =K27*K28 -> 2145000 | ... O29: =O27*O28 -> 2600000 | P29: =SUM(D29:O29) -> 28145000
A30: 9 | B30: Bảng luồn hạt | C30: Số lượng | D30: 35 | E30: 40 | F30: 25 | G30: 25 | H30: 28 | I30: 35 | J30: 27 | K30: 30 | L30: 38 | M30: 32 | N30: 35 | O30: 38 | P30: =SUM(D30:O30) -> 388
C31: Đơn giá | D31: ='2.Giá'!$E$13 -> 95000 | E31: ='2.Giá'!$E$13 -> 95000 | F31: ='2.Giá'!$E$13 -> 95000 | G31: ='2.Giá'!$E$13 -> 95000 | H31: ='2.Giá'!$E$13 -> 95000 | I31: ='2.Giá'!$E$13 -> 95000 | J31: ='2.Giá'!$E$13 -> 95000 | K31: ='2.Giá'!$E$13 -> 95000 | ... O31: ='2.Giá'!$E$13 -> 95000
C32: Doanh thu | D32: =D30*D31 -> 3325000 | E32: =E30*E31 -> 3800000 | F32: =F30*F31 -> 2375000 | G32: =G30*G31 -> 2375000 | H32: =H30*H31 -> 2660000 | I32: =I30*I31 -> 3325000 | J32: =J30*J31 -> 2565000 | K32: =K30*K31 -> 2850000 | ... O32: =O30*O31 -> 3610000 | P32: =SUM(D32:O32) -> 36860000
A33: 10 | B33: Bảng vẽ tự xóa | C33: Số lượng | D33: 35 | E33: 42 | F33: 22 | G33: 22 | H33: 25 | I33: 30 | J33: 26 | K33: 30 | L33: 40 | M33: 34 | N33: 38 | O33: 40 | P33: =SUM(D33:O33) -> 384
C34: Đơn giá | D34: ='2.Giá'!$E$14 -> 170000 | E34: ='2.Giá'!$E$14 -> 170000 | F34: ='2.Giá'!$E$14 -> 170000 | G34: ='2.Giá'!$E$14 -> 170000 | H34: ='2.Giá'!$E$14 -> 170000 | I34: ='2.Giá'!$E$14 -> 170000 | J34: ='2.Giá'!$E$14 -> 170000 | K34: ='2.Giá'!$E$14 -> 170000 | ... O34: ='2.Giá'!$E$14 -> 170000
C35: Doanh thu | D35: =D33*D34 -> 5950000 | E35: =E33*E34 -> 7140000 | F35: =F33*F34 -> 3740000 | G35: =G33*G34 -> 3740000 | H35: =H33*H34 -> 4250000 | I35: =I33*I34 -> 5100000 | J35: =J33*J34 -> 4420000 | K35: =K33*K34 -> 5100000 | ... O35: =O33*O34 -> 6800000 | P35: =SUM(D35:O35) -> 65280000
B36: Tổng số lượng bán | D36: =D6+D9+D12+D15+D18+D21+D24+D27+D30+D33 -> 347 | E36: =E6+E9+E12+E15+E18+E21+E24+E27+E30+E33 -> 388 | F36: =F6+F9+F12+F15+F18+F21+F24+F27+F30+F33 -> 276 | G36: =G6+G9+G12+G15+G18+G21+G24+G27+G30+G33 -> 266 | H36: =H6+H9+H12+H15+H18+H21+H24+H27+H30+H33 -> 288 | I36: =I6+I9+I12+I15+I18+I21+I24+I27+I30+I33 -> 362 | J36: =J6+J9+J12+J15+J18+J21+J24+J27+J30+J33 -> 277 | K36: =K6+K9+K12+K15+K18+K21+K24+K27+K30+K33 -> 304 | ... O36: =O6+O9+O12+O15+O18+O21+O24+O27+O30+O33 -> 377 | P36: =SUM(D36:O36) -> 3971
B37: Tổng doanh thu | D37: =D8+D11+D14+D17+D20+D23+D26+D29+D32+D35 -> 100764000 | E37: =E8+E11+E14+E17+E20+E23+E26+E29+E32+E35 -> 109363000 | F37: =F8+F11+F14+F17+F20+F23+F26+F29+F32+F35 -> 87665000 | G37: =G8+G11+G14+G17+G20+G23+G26+G29+G32+G35 -> 85673000 | H37: =H8+H11+H14+H17+H20+H23+H26+H29+H32+H35 -> 89265000 | I37: =I8+I11+I14+I17+I20+I23+I26+I29+I32+I35 -> 104803000 | J37: =J8+J11+J14+J17+J20+J23+J26+J29+J32+J35 -> 87446000 | K37: =K8+K11+K14+K17+K20+K23+K26+K29+K32+K35 -> 93750000 | ... O37: =O8+O11+O14+O17+O20+O23+O26+O29+O32+O35 -> 108628000 | P37: =SUM(D37:O37) -> 1180741000

Sheet 8.CP giá vốn
A2: Doanh số dự kiến tháng => năm | Q2: Doanh số dự kiến tháng => năm | AG2: Doanh số dự kiến tháng => năm | AW2: Doanh số dự kiến tháng => năm | BM2: Doanh số dự kiến tháng => năm | CC2: Doanh số dự kiến tháng => năm | CS2: Doanh số dự kiến tháng => năm
A4: ƯỚC TÍNH CHI PHÍ GIÁ VỐN
A6: Nội dung | D6: Tháng | P6: Tổng
D7: Tháng 1 | E7: Tháng 2 | F7: Tháng 3 | G7: Tháng 4 | H7: Tháng 5 | I7: Tháng 6 | J7: Tháng 7 | K7: Tháng 8 | L7: Tháng 9 | M7: Tháng 10 | N7: Tháng 11 | O7: Tháng 12
A8: 1 | B8: Bảng chữ cái nổi | C8: Số lượng | D8: 33 | E8: 35 | F8: 28 | G8: 25 | H8: 28 | I8: 35 | J8: 26 | K8: 28 | L8: 38 | M8: 30 | N8: 32 | O8: 35 | P8: 363
C9: Đơn giá | D9: 150000 | E9: 150000 | F9: 150000 | G9: 150000 | H9: 150000 | I9: 150000 | J9: 150000 | K9: 165000 | L9: 165000 | M9: 165000 | N9: 165000 | O9: 165000 | P9: 165000
C10: Chi phí | D10: =D8*D9 -> 4950000 | E10: =E8*E9 -> 5250000 | F10: =F8*F9 -> 4200000 | G10: =G8*G9 -> 3750000 | H10: =H8*H9 -> 4200000 | I10: =I8*I9 -> 5250000 | J10: =J8*J9 -> 3900000 | K10: =K8*K9 -> 4620000 | ... O10: =O8*O9 -> 5775000 | P10: =D10+E10+F10+G10+H10+I10+J10+K10+L10+M10+N10+O10 -> 58395000
A11: 2 | B11: ='2.Giá'!B6 -> Bộ khối lắp ráp | C11: Số lượng | D11: 32 | E11: 35 | F11: 25 | G11: 22 | H11: 25 | I11: 32 | J11: 23 | K11: 25 | L11: 36 | M11: 29 | N11: 31 | O11: 34 | P11: 337
C12: Đơn giá | D12: 100000 | E12: 100000 | F12: 100000 | G12: 100000 | H12: 100000 | I12: 100000 | J12: 100000 | K12: 100000 | L12: 100000 | M12: 100000 | N12: 100000 | O12: 100000 | P12: 100000
C13: Chi phí | D13: =D11*D12 -> 3200000 | E13: =E11*E12 -> 3500000 | F13: =F11*F12 -> 2500000 | G13: =G11*G12 -> 2200000 | H13: =H11*H12 -> 2500000 | I13: =I11*I12 -> 3200000 | J13: =J11*J12 -> 2300000 | K13: =K11*K12 -> 2500000 | ... O13: =O11*O12 -> 3400000 | P13: =SUM(C13:O13) -> 34900000
A14: 3 | B14: Đồ chơi xếp chồng | C14: Số lượng | D14: 26 | E14: 32 | F14: 22 | G14: 20 | H14: 22 | I14: 35 | J14: 20 | K14: 22 | L14: 45 | M14: 24 | N14: 26 | O14: 28 | P14: 312
C15: Đơn giá | D15: 70000 | E15: 70000 | F15: 70000 | G15: 70000 | H15: 70000 | I15: 70000 | J15: 70000 | K15: 70000 | L15: 70000 | M15: 70000 | N15: 70000 | O15: 70000 | P15: 70000
C16: Chi phí | D16: =PRODUCT(D14:D15) -> 1820000 | E16: =PRODUCT(E14:E15) -> 2240000 | F16: =PRODUCT(F14:F15) -> 1540000 | G16: =PRODUCT(G14:G15) -> 1400000 | H16: =PRODUCT(H14:H15) -> 1540000 | I16: =PRODUCT(I14:I15) -> 2450000 | J16: =PRODUCT(J14:J15) -> 1400000 | K16: =PRODUCT(K14:K15) -> 1540000 | ... O16: =PRODUCT(O14:O15) -> 1960000 | P16: =SUM(D16:O16) -> 22540000
A17: 4 | B17: Ngựa bập bênh | C17: Số lượng | D17: 52 | E17: 55 | F17: 50 | G17: 50 | H17: 50 | I17: 55 | J17: 50 | K17: 52 | L17: 55 | M17: 52 | N17: 55 | O17: 55 | P17: 597
C18: Đơn giá | D18: 500000 | E18: 500000 | F18: 500000 | G18: 500000 | H18: 500000 | I18: 500000 | J18: 500000 | K18: 500000 | L18: 500000 | M18: 500000 | N18: 500000 | O18: 500000 | P18: 500000
C19: Chi phí | D19: =PRODUCT(D17:D18) -> 26000000 | E19: =PRODUCT(E17:E18) -> 27500000 | F19: =PRODUCT(F17:F18) -> 25000000 | G19: =PRODUCT(G17:G18) -> 25000000 | H19: =PRODUCT(H17:H18) -> 25000000 | I19: =PRODUCT(I17:I18) -> 27500000 | J19: =PRODUCT(J17:J18) -> 25000000 | K19: =PRODUCT(K17:K18) -> 26000000 | ... O19: =PRODUCT(O17:O18) -> 27500000 | P19: =SUM(D19:O19) -> 315500000
A20: 5 | B20: Xe tập đi gỗ | C20: Số lượng | D20: 30 | E20: 32 | F20: 24 | G20: 22 | H20: 24 | I20: 30 | J20: 24 | K20: 27 | L20: 32 | M20: 29 | N20: 33 | O20: 35 | P20: 347
C21: Đơn giá | D21: 250000 | E21: 250000 | F21: 250000 | G21: 250000 | H21: 250000 | I21: 250000 | J21: 250000 | K21: 250000 | L21: 250000 | M21: 250000 | N21: 250000 | O21: 250000 | P21: 250000
C22: Chi phí | D22: =PRODUCT(D20:D21) -> 7500000 | E22: =PRODUCT(E20:E21) -> 8000000 | F22: =PRODUCT(F20:F21) -> 6000000 | G22: =PRODUCT(G20:G21) -> 5500000 | H22: =PRODUCT(H20:H21) -> 6000000 | I22: =PRODUCT(I20:I21) -> 7500000 | J22: =PRODUCT(J20:J21) -> 6000000 | K22: =PRODUCT(K20:K21) -> 6750000 | ... O22: =PRODUCT(O20:O21) -> 8750000 | P22: =SUM(D22:O22) -> 85500000
A23: 6 | B23: Bộ xếp hình lâu đài | C23: Số lượng | D23: 32 | E23: 35 | F23: 24 | G23: 22 | H23: 24 | I23: 30 | J23: 24 | K23: 27 | L23: 32 | M23: 28 | N23: 32 | O23: 34 | P23: 347
C24: Đơn giá | D24: 120000 | E24: 120000 | F24: 120000 | G24: 120000 | H24: 120000 | I24: 120000 | J24: 120000 | K24: 120000 | L24: 120000 | M24: 120000 | N24: 120000 | O24: 120000 | P24: 120000
C25: Chi phí | D25: =PRODUCT(D23:D24) -> 3840000 | E25: =PRODUCT(E23:E24) -> 4200000 | F25: =PRODUCT(F23:F24) -> 2880000 | G25: =PRODUCT(G23:G24) -> 2640000 | H25: =PRODUCT(H23:H24) -> 2880000 | I25: =PRODUCT(I23:I24) -> 3600000 | J25: =PRODUCT(J23:J24) -> 2880000 | K25: =PRODUCT(K23:K24) -> 3240000 | ... O25: =PRODUCT(O23:O24) -> 4080000 | P25: =SUM(D25:O25) -> 41280000
A26: 7 | B26: Đồ chơi câu cá gỗ | C26: Số lượng | D26: 34 | E26: 40 | F26: 25 | G26: 25 | H26: 28 | I26: 40 | J26: 26 | K26: 29 | L26: 45 | M26: 32 | N26: 35 | O26: 38 | P26: 390
C27: Đơn giá | D27: 45000 | E27: 45000 | F27: 45000 | G27: 45000 | H27: 45000 | I27: 45000 | J27: 45000 | K27: 45000 | L27: 45000 | M27: 45000 | N27: 45000 | O27: 45000 | P27: 45000
C28: Chi phí | D28: =PRODUCT(D26:D27) -> 1530000 | E28: =PRODUCT(E26:E27) -> 1800000 | F28: =PRODUCT(F26:F27) -> 1125000 | G28: =PRODUCT(G26:G27) -> 1125000 | H28: =PRODUCT(H26:H27) -> 1260000 | I28: =PRODUCT(I26:I27) -> 1800000 | J28: =PRODUCT(J26:J27) -> 1170000 | K28: =PRODUCT(K26:K27) -> 1305000 | ... O28: =PRODUCT(O26:O27) -> 1710000 | P28: =SUM(D28:O28) -> 17865000
A29: 8 | B29: Bộ rút gỗ | C29: Số lượng | D29: 38 | E29: 42 | F29: 30 | G29: 30 | H29: 32 | I29: 40 | J29: 30 | K29: 33 | L29: 45 | M29: 35 | N29: 38 | O29: 40 | P29: 427
C30: Đơn giá | D30: 35000 | E30: 35000 | F30: 35000 | G30: 35000 | H30: 35000 | I30: 35000 | J30: 35000 | K30: 35000 | L30: 35000 | M30: 35000 | N30: 35000 | O30: 35000 | P30: 35000
C31: Chi phí | D31: =PRODUCT(D29:D30) -> 1330000 | E31: =PRODUCT(E29:E30) -> 1470000 | F31: =PRODUCT(F29:F30) -> 1050000 | G31: =PRODUCT(G29:G30) -> 1050000 | H31: =PRODUCT(H29:H30) -> 1120000 | I31: =PRODUCT(I29:I30) -> 1400000 | J31: =PRODUCT(J29:J30) -> 1050000 | K31: =PRODUCT(K29:K30) -> 1155000 | ... O31: =PRODUCT(O29:O30) -> 1400000 | P31: =SUM(D31:O31) -> 15155000
A32: 9 | B32: Bảng luồn hạt | C32: Số lượng | D32: 35 | E32: 40 | F32: 25 | G32: 25 | H32: 28 | I32: 35 | J32: 27 | K32: 30 | L32: 38 | M32: 32 | N32: 35 | O32: 38 | P32: 384
C33: Đơn giá | D33: 55000 | E33: 55000 | F33: 55000 | G33: 55000 | H33: 55000 | I33: 55000 | J33: 55000 | K33: 55000 | L33: 55000 | M33: 55000 | N33: 55000 | O33: 55000 | P33: 55000
C34: Chi phí | D34: =PRODUCT(D32:D33) -> 1925000 | E34: =PRODUCT(E32:E33) -> 2200000 | F34: =PRODUCT(F32:F33) -> 1375000 | G34: =PRODUCT(G32:G33) -> 1375000 | H34: =PRODUCT(H32:H33) -> 1540000 | I34: =PRODUCT(I32:I33) -> 1925000 | J34: =PRODUCT(J32:J33) -> 1485000 | K34: =PRODUCT(K32:K33) -> 1650000 | ... O34: =PRODUCT(O32:O33) -> 2090000 | P34: =SUM(D34:O34) -> 21340000
A35: 10 | B35: Bảng vẽ tự xóa | C35: Số lượng | D35: 35 | E35: 42 | F35: 22 | G35: 22 | H35: 25 | I35: 30 | J35: 26 | K35: 30 | L35: 40 | M35: 34 | N35: 38 | O35: 40 | P35: 380
C36: Đơn giá | D36: 110000 | E36: 110000 | F36: 110000 | G36: 110000 | H36: 110000 | I36: 110000 | J36: 110000 | K36: 110000 | L36: 110000 | M36: 110000 | N36: 110000 | O36: 110000 | P36: 110000
C37: Chi phí | D37: =D35*D36 -> 3850000 | E37: =PRODUCT(E35:E36) -> 4620000 | F37: =PRODUCT(F35:F36) -> 2420000 | G37: =PRODUCT(G35:G36) -> 2420000 | H37: =PRODUCT(H35:H36) -> 2750000 | I37: =PRODUCT(I35:I36) -> 3300000 | J37: =PRODUCT(J35:J36) -> 2860000 | K37: =PRODUCT(K35:K36) -> 3300000 | L37: =PRODUCT(L35:L36) -> 4400000 | ... O37: =PRODUCT(O35:O36) -> 4400000 | P37: =SUM(D37:O37) -> 42240000
B38: Tổng số lượng bán | D38: =SUM(D8,D11,D14,D17,D20,D23,D26,D29,D32,D35) -> 347 | E38: =SUM(E8,E11,E14,E17,E20,E23,E26,E29,E32,E35) -> 388 | F38: =SUM(F8,F11,F14,F17,F20,F23,F26,F29,F32,F35) -> 275 | G38: =SUM(G8,G11,G14,G17,G20,G23,G26,G29,G32,G35) -> 263 | H38: =SUM(H8,H11,H14,H17,H20,H23,H26,H29,H32,H35) -> 286 | I38: =SUM(I8,I11,I14,I17,I20,I23,I26,I29,I32,I35) -> 362 | J38: =SUM(J8,J11,J14,J17,J20,J23,J26,J29,J32,J35) -> 276 | K38: =SUM(K8,K11,K14,K17,K20,K23,K26,K29,K32,K35) -> 303 | ... P38: =SUM(P8,P11,P14,P17,P20,P23,P26,P29,P32,P35) -> 3884
B39: Tổng chi phí nhập hàng | D39: =SUM(D10,D13,D16,D19,D22,D25,D28,D31,D34,D37) -> 55945000 | E39: =SUM(E10,E13,E16,E19,E22,E25,E28,E31,E34,E37) -> 60780000 | F39: =SUM(F10,F13,F16,F19,F22,F25,F28,F31,F34,F37) -> 48090000 | G39: =SUM(G10,G13,G16,G19,G22,G25,G28,G31,G34,G37) -> 46460000 | H39: =SUM(H10,H13,H16,H19,H22,H25,H28,H31,H34,H37) -> 48790000 | I39: =SUM(I10,I13,I16,I19,I22,I25,I28,I31,I34,I37) -> 57925000 | J39: =SUM(J10,J13,J16,J19,J22,J25,J28,J31,J34,J37) -> 48045000 | K39: =SUM(K10,K13,K16,K19,K22,K25,K28,K31,K34,K37) -> 52060000 | ... P39: =SUM(P10,P13,P16,P19,P22,P25,P28,P31,P34,P37) -> 654715000

Sheet 9.TSCĐ_CCDC_KH
A1: TÀI SẢN CỐ ĐỊNH - KHẤU HAO
M2: ĐVT: Đồng
A3: TT | B3: Chi tiết | C3: ĐVT | D3: Số lượng | E3: Đơn giá | F3: Tổng trị giá | G3: Thời gian khấu hao (Năm) | H3: Mức khấu hao hàng năm | I3: Mức khấu hao hàng tháng | J3: Tên nhà cung cấp | K3: Link giá nhà cung cấp | L3: Ghi chú
A4: 1 | B4: Bàn làm đồ chơi gỗ | C4: Cái | D4: 2 | E4: 3500000 | F4: =D4*E4 -> 7000000 | G4: 5 | H4: =F4/G4 -> 1400000 | I4: =H4/12 -> 116666.67 | J4: Nội thất Hòa Phát | K4: Giá tham khảo nhà cung cấp | L4: Phục vụ sản xuất/kinh doanh đồ chơi trẻ em
A5: 2 | B5: Kệ trưng bày đồ chơi | C5: Kệ | D5: 6 | E5: 1800000 | F5: =D5*E5 -> 10800000 | G5: 5 | H5: =F5/G5 -> 2160000 | I5: =H5/12 -> 180000 | J5: Nội thất Hòa Phát | K5: Giá tham khảo nhà cung cấp | L5: Phục vụ sản xuất/kinh doanh đồ chơi trẻ em
A6: 3 | B6: Tủ kính trưng bày sản phẩm | C6: Tủ | D6: 2 | E6: 4500000 | F6: =D6*E6 -> 9000000 | G6: 5 | H6: =F6/G6 -> 1800000 | I6: =H6/12 -> 150000 | J6: Nội thất Hòa Phát | K6: Giá tham khảo nhà cung cấp | L6: Phục vụ sản xuất/kinh doanh đồ chơi trẻ em
A7: 4 | B7: Máy cưa lọng mini | C7: Máy | D7: 1 | E7: 3500000 | F7: =D7*E7 -> 3500000 | G7: 5 | H7: =F7/G7 -> 700000 | I7: =H7/12 -> 58333.333 | J7: Makita | K7: Giá tham khảo nhà cung cấp | L7: Phục vụ sản xuất/kinh doanh đồ chơi trẻ em
A8: 5 | B8: Máy cưa bàn mini | C8: Máy | D8: 1 | E8: 5000000 | F8: =D8*E8 -> 5000000 | G8: 5 | H8: =F8/G8 -> 1000000 | I8: =H8/12 -> 83333.333 | J8: Bosch | K8: Giá tham khảo nhà cung cấp | L8: Phục vụ sản xuất/kinh doanh đồ chơi trẻ em
A9: 6 | B9: Máy chà nhám gỗ | C9: Máy | D9: 2 | E9: 1800000 | F9: =D9*E9 -> 3600000 | G9: 5 | H9: =F9/G9 -> 720000 | I9: =H9/12 -> 60000 | J9: Bosch | K9: Giá tham khảo nhà cung cấp | L9: Phục vụ sản xuất/kinh doanh đồ chơi trẻ em
A10: 7 | B10: Máy khoan cầm tay | C10: Máy | D10: 2 | E10: 1500000 | F10: =D10*E10 -> 3000000 | G10: 5 | H10: =F10/G10 -> 600000 | I10: =H10/12 -> 50000 | J10: Bosch | K10: Giá tham khảo nhà cung cấp | L10: Phục vụ sản xuất/kinh doanh đồ chơi trẻ em
A11: 8 | B11: Máy mini | C11: Máy | D11: 2 | E11: 1200000 | F11: =D11*E11 -> 2400000 | G11: 4 | H11: =F11/G11 -> 600000 | I11: =H11/12 -> 50000 | J11: Bosch | K11: Giá tham khảo nhà cung cấp | L11: Phục vụ sản xuất/kinh doanh đồ chơi trẻ em
A12: 9 | B12: Máy cắt laser mini | C12: Máy | D12: 1 | E12: 12000000 | F12: =D12*E12 -> 12000000 | G12: 5 | H12: =F12/G12 -> 2400000 | I12: =H12/12 -> 200000 | J12: GCC | K12: Giá tham khảo nhà cung cấp | L12: Phục vụ sản xuất/kinh doanh đồ chơi trẻ em
A13: 10 | B13: Máy in 3D tạo mẫu đồ chơi | C13: Máy | D13: 1 | E13: 9000000 | F13: =D13*E13 -> 9000000 | G13: 5 | H13: =F13/G13 -> 1800000 | I13: =H13/12 -> 150000 | J13: Creality | K13: Giá tham khảo nhà cung cấp | L13: Phục vụ sản xuất/kinh doanh đồ chơi trẻ em
A14: 11 | B14: Máy hút bụi xưởng | C14: Máy | D14: 1 | E14: 4000000 | F14: =D14*E14 -> 4000000 | G14: 5 | H14: =F14/G14 -> 800000 | I14: =H14/12 -> 66666.667 | J14: Karcher | K14: Giá tham khảo nhà cung cấp | L14: Phục vụ sản xuất/kinh doanh đồ chơi trẻ em
A15: 12 | B15: Máy phun sơn mini | C15: Máy | D15: 1 | E15: 2500000 | F15: =D15*E15 -> 2500000 | G15: 4 | H15: =F15/G15 -> 625000 | I15: =H15/12 -> 52083.333 | J15: Bosch | K15: Giá tham khảo nhà cung cấp | L15: Phục vụ sản xuất/kinh doanh đồ chơi trẻ em
... A23: 20 | B23: Tủ đựng nguyên vật liệu gỗ | C23: Tủ | D23: 2 | E23: 3000000 | F23: =D23*E23 -> 6000000 | G23: 5 | H23: =F23/G23 -> 1200000 | I23: =H23/12 -> 100000 | J23: Nội thất Hòa Phát | K23: Giá tham khảo nhà cung cấp | L23: Phục vụ sản xuất/kinh doanh đồ chơi trẻ em
A24: Tổng cộng (1) | F24: =SUM(F4:F23) -> 121800000 | H24: =SUM(H4:H23) -> 25495000 | I24: =SUM(I4:I23) -> 2124583.3
A26: CÔNG CỤ DỤNG CỤ - PHÂN BỔ
A27: TT | B27: Chi tiết | C27: ĐVT | D27: Số lượng | E27: Đơn giá | F27: Tổng trị giá | G27: Thời gian phân bổ | H27: Mức phân bổ hàng năm | I27: Mức phân bổ hàng tháng | J27: Nhà cung cấp | K27: Link nhà cung cấp | L27: Ghi chú
A28: 1 | B28: Bảng chữ cái nổi | C28: Bộ | D28: 5 | E28: 200 | F28: =D28*E28 -> 1000 | G28: 2 | H28: =F28/G28 -> 500 | I28: =H28/12 -> 41.666667 | J28: Shopee | K28: Xem giá | L28: Phục vụ hoạt động học chữ cho trẻ
A29: 2 | B29: Bộ khối lắp ráp | C29: Bộ | D29: 5 | E29: 300 | F29: =D29*E29 -> 1500 | G29: 2 | H29: =F29/G29 -> 750 | I29: =H29/12 -> 62.5 | J29: Shopee | K29: Xem giá | L29: Phục vụ hoạt động lắp ghép, sáng tạo
A30: 3 | B30: Đồ chơi xếp hình | C30: Bộ | D30: 5 | E30: 200 | F30: =D30*E30 -> 1000 | G30: 2 | H30: =F30/G30 -> 500 | I30: =H30/12 -> 41.666667 | J30: Shopee | K30: Xem giá | L30: Hỗ trợ phát triển tư duy và khả năng quan sát
A31: 4 | B31: Ngựa bập bênh | C31: Cái | D31: 2 | E31: 1500000 | F31: =D31*E31 -> 3000000 | G31: 2 | H31: =F31/G31 -> 1500000 | I31: =H31/12 -> 125000 | J31: Kids Plaza | K31: Xem giá | L31: Đồ chơi vận động cho trẻ
A32: 5 | B32: Xe tập đi gỗ | C32: Cái | D32: 3 | E32: 800 | F32: =D32*E32 -> 2400 | G32: 2 | H32: =F32/G32 -> 1200 | I32: =H32/12 -> 100 | J32: Websosanh | K32: Xem giá | L32: Hỗ trợ trẻ tập đi và vận động
A33: 6 | B33: Bộ xếp hình lâu đài | C33: Bộ | D33: 5 | E33: 250 | F33: =D33*E33 -> 1250 | G33: 2 | H33: =F33/G33 -> 625 | I33: =H33/12 -> 52.083333 | J33: Shopee | K33: Xem giá | L33: Phục vụ hoạt động vui chơi, sáng tạo
A34: 7 | B34: Đồ chơi câu cá gỗ | C34: Bộ | D34: 5 | E34: 250 | F34: =D34*E34 -> 1250 | G34: 2 | H34: =F34/G34 -> 625 | I34: =H34/12 -> 52.083333 | J34: Shopee | K34: Xem giá | L34: Rèn luyện sự khéo léo và tập trung
A35: 8 | B35: Bộ rút gỗ | C35: Bộ | D35: 5 | E35: 200 | F35: =D35*E35 -> 1000 | G35: 2 | H35: =F35/G35 -> 500 | I35: =H35/12 -> 41.666667 | J35: Tiki | K35: Xem giá | L35: Phát triển tư duy và khả năng phối hợp tay mắt
A36: 9 | B36: Bộ lắp ghép hạt | C36: Cái | D36: 5 | E36: 400 | F36: =D36*E36 -> 2000 | G36: 2 | H36: =F36/G36 -> 1000 | I36: =H36/12 -> 83.333333 | J36: Shopee | K36: Xem giá | L36: Hỗ trợ phát triển khả năng sáng tạo
A37: 10 | B37: Bảng vẽ tự xóa | C37: Cái | D37: 3 | E37: 300 | F37: =D37*E37 -> 900 | G37: 2 | H37: =F37/G37 -> 450 | I37: =H37/12 -> 37.5 | J37: Shopee | K37: Xem giá | L37: Phục vụ hoạt động vẽ và học tập
A38: Tổng cộng (2) | F38: =SUM(F28:F37) -> 3012300 | H38: =SUM(H28:H37) -> 1506150 | I38: =SUM(I28:I37) -> 125512.5
A40: Tổng cộng (1+2) | F40: =F24+F38 -> 124812300 | H40: =H24+H38 -> 27001150 | I40: =I24+I38 -> 2250095.8
A42: TSCD: có nguyên giá từ 30.000.000 đồng trở lên; thời gian sử dụng từ 1 năm trở lên.
A43: CCDC: công cụ, dụng cụ có nguyên giá nhỏ hơn 30.000.000 đồng.
A44: Khấu hao đối với TSCĐ: thời gian khấu hao tối thiểu và tối đa theo quy định của Nhà nước.
A45: Phân bổ đối với CCDC: thời gian phân bổ tối đa là 3 năm.
A46: Mức khấu hao/phân bổ hàng năm = Tổng trị giá / Thời gian.
A47: Mức khấu hao/phân bổ hàng tháng = Mức khấu hao/phân bổ hàng năm / 12 tháng.

Sheet 10.KH Lợi nhuận
A1: KẾ HOẠCH LỢI NHUẬN
O2: ĐVT: Đồng
A3: TT | B3: Khoản mục | C3: Tháng 1 | D3: Tháng 2 | E3: Tháng 3 | F3: Tháng 4 | G3: Tháng 5 | H3: Tháng 6 | I3: Tháng 7 | J3: Tháng 8 | K3: Tháng 9 | L3: Tháng 10 | M3: Tháng 11 | N3: Tháng 12 | O3: Tổng cộng
B4: Tổng Doanh thu | C4: ='7.Ước tính doanh thu'!D37 -> 100764000 | D4: ='7.Ước tính doanh thu'!E37 -> 109363000 | E4: ='7.Ước tính doanh thu'!F37 -> 87665000 | F4: ='7.Ước tính doanh thu'!G37 -> 85673000 | G4: ='7.Ước tính doanh thu'!H37 -> 89265000 | H4: ='7.Ước tính doanh thu'!I37 -> 104803000 | I4: ='7.Ước tính doanh thu'!J37 -> 87446000 | J4: ='7.Ước tính doanh thu'!K37 -> 93750000 | ... N4: ='7.Ước tính doanh thu'!O37 -> 108628000 | O4: =SUM(C4:N4) -> 1180741000
A5: 1 | B5: Giá vốn hàng bán | C5: ='8.CP giá vốn'!D39 -> 55945000 | D5: ='8.CP giá vốn'!E39 -> 60780000 | E5: ='8.CP giá vốn'!F39 -> 48090000 | F5: ='8.CP giá vốn'!G39 -> 46460000 | G5: ='8.CP giá vốn'!H39 -> 48790000 | H5: ='8.CP giá vốn'!I39 -> 57925000 | I5: ='8.CP giá vốn'!J39 -> 48045000 | J5: ='8.CP giá vốn'!K39 -> 52060000 | ... N5: ='8.CP giá vốn'!O39 -> 61065000 | O5: =SUM(C5:N5) -> 654715000
A6: 2 | B6: Giá trị theo hàng | C6: 14000000 | D6: 20000000 | E6: 8000000 | F6: 13500000 | G6: 17000000 | H6: 20000000 | I6: 15000000 | J6: 14000000 | K6: 20000000 | L6: 11500000 | M6: 13000000 | N6: 113000000 | O6: =SUM(C6:N6) -> 279000000
A7: 3 | B7: Chi phí sản xuất khác (cước, vận chuyển...) | C7: 3000000 | D7: 2200000 | E7: 2700000 | F7: 2800000 | G7: 3200000 | H7: 3800000 | I7: 3000000 | J7: 2900000 | K7: 2200000 | L7: 2500000 | M7: 3500000 | N7: 4200000 | O7: =SUM(C7:N7) -> 36000000
A8: 4 | B8: Lương lao động | C8: 35000000 | D8: 35000000 | E8: 35000000 | F8: 35000000 | G8: 35000000 | H8: 35000000 | I8: 35000000 | J8: 35000000 | K8: 35000000 | L8: 35000000 | M8: 35000000 | N8: 35000000 | O8: =SUM(C8:N8) -> 420000000
A9: 5 | B9: Chi phí bán hàng (MKT) | C9: 1600000 | D9: 3000000 | E9: 1500000 | F9: 1400000 | G9: 1700000 | H9: 3200000 | I9: 1600000 | J9: 1800000 | K9: 3400000 | L9: 1500000 | M9: 1400000 | N9: 1900000 | O9: =SUM(C9:N9) -> 24000000
A10: 5 | B10: Mặt bằng | C10: 14000000 | D10: 14000000 | E10: 14000000 | F10: 14000000 | G10: 14000000 | H10: 14000000 | I10: 14000000 | J10: 14000000 | K10: 14000000 | L10: 14000000 | M10: 14000000 | N10: 14000000 | O10: =SUM(C10:N10) -> 168000000
A11: 6 | B11: Khấu hao | C11: 834000 | D11: 834000 | E11: 834000 | F11: 834000 | G11: 834000 | H11: 834000 | I11: 834000 | J11: 834000 | K11: 834000 | L11: 834000 | M11: 834000 | N11: 834000 | O11: =SUM(C11:N11) -> 10008000
A12: 7 | B12: Chi phí quản lý (điện, nước, rác, wifi) | C12: 2050000 | D12: 2500000 | E12: 2000000 | F12: 1950000 | G12: 2050000 | H12: 2600000 | I12: 2000000 | J12: 2100000 | K12: 2650000 | L12: 2000000 | M12: 1950000 | N12: 2150000 | O12: =SUM(B12:N12) -> 26000000
B13: Tổng chi phí | C13: =SUM(C6:C12) -> 70484000 | D13: =SUM(D6:D12) -> 77534000 | E13: =SUM(E6:E12) -> 64034000 | F13: =SUM(F6:F12) -> 69484000 | G13: =SUM(G6:G12) -> 73784000 | H13: =SUM(H6:H12) -> 79434000 | I13: =SUM(I6:I12) -> 71434000 | J13: =SUM(J6:J12) -> 70634000 | ... O13: =SUM(O6:O12) -> 963008000

Sheet 11.Nguồn vốn khởi sự
A1: NGUỒN VỐN KHỞI SỰ
D2: ĐVT: Đồng
A3: TT | B3: Nguồn vốn: | C3: Số tiền VND | D3: Ghi chú | I3: TT | J3: Nguồn vốn: | K3: Số tiền | L3: Ghi chú
A4: I | B4: Vốn cố định | D4: Góp từ các thành viên sáng lập | I4: I | J4: Vốn chủ sở hữu | K4: 193000000 | L4: Góp từ các thành viên sáng lập
A5: 1 | B5: Cải tạo & Setup mặt phẳng | C5: 193,000,000 | I5: 1 | J5: Nguyễn Hoàng Sơn | K5: 20000000
A6: 2 | B6: Máy móc thiết bị | C6: 105,500,000 | I6: 2 | J6: Ngọc Hoàng Đan Vy | K6: 50000000
A7: II | B7: Vốn lưu động (dùng cho 3 tháng) | I7: 3 | J7: Nguyễn Thế Huy | K7: 20000000
A8: 1 | B8: Tồn kho NVL và thành phẩm | C8: 20000000 | I8: II | J8: Nguồn khác (VD: đi vay) | K8: 14000000 | L8: Hỗ trợ phần vốn đầu tư còn thiếu
A9: 2 | B9: Lương | C9: 14000000 | I9: 1 | J9: Vay TPBank | K9: 20000000 | L9: Vay ngắn hạn/hỗ trợ ưu đãi sinh viên (lãi suất thấp)
A10: 3 | B10: Tiền thuê | C10: 20000000 | I10: 2 | J10: Vay người thân (gia đình) | K10: 14000000 | L10: Vay không lãi để giảm áp lực tài chính tháng đầu
A11: 4 | B11: Chi phí marketing | C11: 14000000 | D11: Vay không lãi để giảm áp lực tài chính tháng đầu | J11: Tổng cộng | K11: 497,900,000
A12: 5 | B12: Tiền thuê | C12: 20000000 | D12: Vay ngắn hạn/hỗ trợ ưu đãi sinh viên (lãi suất thấp)
A13: 6 | B13: Chi phí marketing | C13: 14000000 | D13: Vay không lãi để giảm áp lực tài chính tháng đầu
B14: Tổng cộng | C14: 497,900,000
