Workbook

Sheet Ước tính chi phí
E3: Chi phí cố định FC (nghìn vnđ)
A4: Chi phí | B4: 2025-2026 | P4: STT | Q4: Tên tài sản | R4: Loại tài sản | S4: Đơn vị | T4: Đơn giá | U4: Số lượng | V4: Tổng tiền | W4: Thời gian sử dụng (tháng) | X4: Khấu hao tài sản cố định | Y4: Phân bổ chi phí CCDC
B5: T9 | C5: T10 | D5: T11 | E5: T12 | F5: T1 | G5: T2 | H5: T3 | I5: T4 | J5: T5 | K5: T6 | L5: T7 | M5: T8 | T5: (1000đ)
A6: Thuê mặt bằng | B6: 100000 | C6: 100000 | D6: 100000 | E6: 100000 | F6: 100000 | G6: 100000 | H6: 100000 | I6: 100000 | J6: 100000 | K6: 100000 | L6: 100000 | M6: 100000 | P6: 1 | Q6: Máy pha cà phê 2 group | R6: TSCĐ | S6: Cái | T6: 35000 | U6: 1 | V6: 35000 | W6: 60
A7: Trả lương | B7: 89000 | C7: 89000 | D7: 89000 | E7: 89000 | F7: 89000 | G7: 89000 | H7: 89000 | I7: 89000 | J7: 89000 | K7: 89000 | L7: 89000 | M7: 89000 | P7: 2 | Q7: Máy xay cà phê | R7: CCDC | S7: Cái | T7: 8000 | U7: 1 | V7: 8000 | W7: 24 | Y7: =V7/W7 -> 333.33333
A8: Khấu hao, phân bổ (máy pha, nội thất, thiết bị) | B8: 10082 | C8: 10082 | D8: 10082 | E8: 10082 | F8: 10082 | G8: 10082 | H8: 10082 | I8: 10082 | J8: 10082 | K8: 10082 | L8: 10082 | M8: 10082 | P8: 3 | Q8: Máy đánh sữa / tạo bọt | R8: CCDC | S8: Cái | T8: 2500 | U8: 1 | V8: 2500 | W8: 24 | Y8: =V8/W8 -> 104.16667
A9: Thuế môn bài | B9: 0 | C9: 1000 | D9: 0 | E9: 0 | F9: 0 | G9: 0 | H9: 0 | I9: 0 | J9: 0 | K9: 0 | L9: 0 | M9: 0 | P9: 4 | Q9: Ấm đun nước siêu tốc công nghiệp | R9: CCDC | S9: Cái | T9: 2000 | U9: 1 | V9: 2000 | W9: 24 | Y9: =V9/W9 -> 83.333333
A10: Phí dkkd | B10: 200 | C10: 0 | D10: 0 | E10: 0 | F10: 0 | G10: 0 | H10: 0 | I10: 0 | J10: 0 | K10: 0 | L10: 0 | M10: 0 | P10: 5 | Q10: Bình ủ trà / bình ủ sữa | R10: CCDC | S10: Cái | T10: 2500 | U10: 2 | V10: 5000 | W10: 24 | Y10: =V10/W10 -> 208.33333
A11: Marketing | B11: 26000 | C11: 10000 | D11: 10000 | E11: 10000 | F11: 8000 | G11: 8000 | H11: 8000 | I11: 8000 | J11: 8000 | K11: 8000 | L11: 8000 | M11: 8000 | P11: 6 | Q11: Máy lắc trà / bình shaker | R11: CCDC | S11: Bộ | T11: 1500 | U11: 2 | V11: 3000 | W11: 24 | Y11: =V11/W11 -> 125
A12: Điện nước vp | B12: 6000 | C12: 6000 | D12: 6000 | E12: 6000 | F12: 6000 | G12: 6000 | H12: 6000 | I12: 6000 | J12: 6000 | K12: 6000 | L12: 6000 | M12: 6000 | P12: 7 | Q12: Máy hàn miệng ly nhựa | R12: CCDC | S12: Cái | T12: 4000 | U12: 1 | V12: 4000 | W12: 24 | Y12: =V12/W12 -> 166.66667
A13: Khác (bảo trì, vệ sinh, wifi, dụng cụ…) | B13: 3000 | C13: 3000 | D13: 3000 | E13: 3000 | F13: 3000 | G13: 3000 | H13: 3000 | I13: 3000 | J13: 3000 | K13: 3000 | L13: 3000 | M13: 3000 | P13: 8 | Q13: Máy định lượng đường & sữa | R13: CCDC | S13: Cái | T13: 6000 | U13: 1 | V13: 6000 | W13: 24 | Y13: =V13/W13 -> 250
A14: Tổng FC | B14: 234282 | C14: 219282 | D14: 218282 | E14: 218282 | F14: 218282 | G14: 218282 | H14: 218282 | I14: 218282 | J14: 218282 | K14: 218282 | L14: 218282 | M14: 218282 | P14: 9 | Q14: Bình pha trà / bình lọc trà | R14: CCDC | S14: Bộ | T14: 2000 | U14: 2 | V14: 4000 | W14: 24 | Y14: =V14/W14 -> 166.66667
A15: Tổng FC Cả Năm | B15: =SUM(B14:M14) -> 2636384 | P15: 11 | Q15: Tủ lạnh trữ sữa | R15: CCDC | S15: Cái | T15: 20000 | U15: 1 | V15: 20000 | W15: 24 | Y15: =V15/W15 -> 833.33333
A16: Ước tính chi phí | P16: 13 | Q16: Tủ đông nhỏ trữ đá | R16: CCDC | S16: Cái | T16: 15000 | U16: 1 | V16: 15000 | W16: 24 | Y16: =V16/W16 -> 625
P17: 14 | Q17: Máy xay sinh tố công nghiệp | R17: CCDC | S17: Cái | T17: 2000 | U17: 1 | V17: 2000 | W17: 24 | Y17: =V17/W17 -> 83.333333
B18: T9 | C18: T10 | D18: T11 | E18: T12 | F18: T1 | G18: T2 | H18: T3 | I18: T4 | J18: T5 | K18: T6 | L18: T7 | M18: T8 | P18: 16 | Q18: Nồi nấu trân châu tự động | R18: CCDC | S18: Cái | T18: 8000 | U18: 1 | V18: 8000 | W18: 24 | Y18: =V18/W18 -> 333.33333
A19: Chi phí cố định | B19: =B14 -> 234282 | C19: =SUM(C14:C18) -> 219282 | D19: =SUM(D14:D18) -> 218282 | E19: =SUM(E14:E18) -> 218282 | F19: =SUM(F14:F18) -> 218282 | G19: =G14 -> 218282 | H19: =SUM(H14:H18) -> 218282 | I19: =SUM(I14:I18) -> 218282 | J19: =SUM(J14:J18) -> 218282 | K19: =SUM(K14:K18) -> 218282 | L19: =SUM(L14:L18) -> 218282 | M19: =SUM(M14:M18) -> 218282 | P19: 17 | Q19: Kệ inox để máy pha chế | R19: CCDC | S19: Cái | T19: 1500 | U19: 1 | V19: 1500 | W19: 24 | Y19: =V19/W19 -> 62.5
A20: Chi phí biến đổi | B20: =C173 -> 86210 | C20: =D173 -> 86061 | D20: =E173 -> 86219 | E20: =F173 -> 86534 | F20: =G173 -> 87830 | G20: =H173 -> 87917 | H20: =I173 -> 87450 | I20: =J173 -> 87561 | ... M20: =N173 -> 88209 | P20: 18 | Q20: Kệ trưng bày snack / bánh | R20: CCDC | S20: Cái | T20: 2000 | U20: 1 | V20: 2000 | W20: 24 | Y20: =V20/W20 -> 83.333333
A21: Tổng chi phí hàng tháng | B21: =SUM(B19:B20) -> 320492 | C21: =SUM(C19:C20) -> 305343 | D21: =SUM(D19:D20) -> 304501 | E21: =SUM(E19:E20) -> 304816 | F21: =SUM(F19:F20) -> 306112 | G21: =SUM(G19:G20) -> 306199 | H21: =SUM(H19:H20) -> 305732 | I21: =SUM(I19:I20) -> 305843 | ... M21: =SUM(M19:M20) -> 306491 | P21: 19 | Q21: Bồn rửa chén + vòi nước | R21: CCDC | S21: Bộ | T21: 4000 | U21: 1 | V21: 4000 | W21: 24 | Y21: =V21/W21 -> 166.66667
A22: Tổng chi phí theo năm | B22: =SUM(B21:M21) -> 3684802 | P22: 20 | Q22: Hệ thống hút mùi nhỏ | R22: CCDC | S22: Bộ | T22: 5000 | U22: 1 | V22: 5000 | W22: 24 | Y22: =V22/W22 -> 208.33333
P23: 21 | Q23: Quạt thông gió | R23: CCDC | S23: Cái | T23: 2000 | U23: 1 | V23: 2000 | W23: 24 | Y23: =V23/W23 -> 83.333333
P24: 22 | Q24: Bộ dụng cụ pha chế | R24: CCDC | S24: Bộ | T24: 6000 | U24: 1 | V24: 6000 | W24: 24 | Y24: =V24/W24 -> 250
A25: 3.7.3 Dựa báo lợi nhuận | P25: 23 | Q25: Kệ để ly, tách, đĩa | R25: CCDC | S25: Cái | T25: 1500 | U25: 1 | V25: 1500 | W25: 24 | Y25: =V25/W25 -> 62.5
P26: 24 | Q26: Bàn pha chế inox | R26: CCDC | S26: Cái | T26: 6000 | U26: 1 | V26: 6000 | W26: 24 | Y26: =V26/W26 -> 250
P27: 25 | Q27: Cân điện tử mini | R27: CCDC | S27: Cái | T27: 1000 | U27: 1 | V27: 1000 | W27: 24 | Y27: =V27/W27 -> 41.666667
P28: 26 | Q28: Bộ dao, thớt, khay chuẩn bị nguyên liệu | R28: CCDC | S28: Bộ | T28: 1500 | U28: 1 | V28: 1500 | W28: 24 | Y28: =V28/W28 -> 62.5
P29: 27 | Q29: Khay đựng topping / khay inox lạnh | R29: CCDC | S29: Bộ | T29: 2000 | U29: 2 | V29: 4000 | W29: 24 | Y29: =V29/W29 -> 166.66667
P30: 28 | Q30: Kệ trưng bày sách | R30: CCDC | S30: Cái | T30: 2000 | U30: 4 | V30: 8000 | W30: 24 | Y30: =V30/W30 -> 333.33333
P31: 29 | Q31: Sách,Truyện | R31: CCDC | S31: Cuốn | T31: 100 | U31: 400 | V31: 40000 | W31: 24 | Y31: =V31/W31 -> 1666.6667
P32: 32 | Q32: Màn hình TV | R32: CCDC | S32: Cái | T32: 8000 | U32: 1 | V32: 8000 | W32: 24 | Y32: =V32/W32 -> 333.33333
P33: 33 | Q33: Loa Bluetooth | R33: CCDC | S33: Bộ | T33: 2000 | U33: 1 | V33: 2000 | W33: 24 | Y33: =V33/W33 -> 83.333333
A34: Nguyên vật liệu | C34: T9 | D34: T10 | E34: T11 | F34: T12 | G34: T1 | H34: T2 | I34: T3 | J34: T4 | K34: T5 | L34: T6 | M34: T7 | N34: T8 | P34: 34 | Q34: Đèn đọc sách | R34: CCDC | S34: Bộ | T34: 2000 | U34: 10 | V34: 2000 | W34: 24 | Y34: =V34/W34 -> 83.333333
A35: Cà phê rang xay (phin) | B35: Giá mua | C35: 220 | D35: 220 | E35: 221 | F35: 221 | G35: 222 | H35: 222 | I35: 223 | J35: 223 | K35: 224 | L35: 225 | M35: 225 | N35: 226 | P35: 36 | Q35: Bảng thông báo / menu | R35: CCDC | S35: Cái | T35: 700 | U35: 2 | V35: 1400 | W35: 24 | Y35: =V35/W35 -> 58.333333
B36: Khối lượng (kg) | C36: 80 | D36: 80 | E36: 80 | F36: 80 | G36: 80 | H36: 80 | I36: 80 | J36: 80 | K36: 80 | L36: 80 | M36: 80 | N36: 80 | P36: 37 | Q36: Máy điều hòa treo tường | R36: CCDC | S36: Cái | T36: 12000 | U36: 2 | V36: 24000 | W36: 24 | Y36: =V36/W36 -> 1000
B37: Thành tiền | C37: =C35 *C36 -> 17600 | D37: =D35 *D36 -> 17600 | E37: =E35 *E36 -> 17680 | F37: =F35 *F36 -> 17680 | G37: =G35 *G36 -> 17760 | H37: =H35 *H36 -> 17760 | I37: =I35 *I36 -> 17840 | J37: =J35 *J36 -> 17840 | ... N37: =N35 *N36 -> 18080 | P37: 38 | Q37: Quạt treo tường bổ trợ | R37: CCDC | S37: Cái | T37: 1200 | U37: 2 | V37: 2400 | W37: 24 | Y37: =V37/W37 -> 100
A38: Cà phê hạt espresso | B38: Giá mua | C38: 310 | D38: 310 | E38: 311 | F38: 311 | G38: 312 | H38: 312 | I38: 313 | J38: 313 | K38: 314 | L38: 315 | M38: 315 | N38: 316 | P38: 39 | Q38: Bình chữa cháy mini (CO2) | R38: CCDC | S38: Cái | T38: 500 | U38: 2 | V38: 1000 | W38: 24 | Y38: =V38/W38 -> 41.666667
B39: Khối lượng (kg) | C39: 45 | D39: 45 | E39: 45 | F39: 45 | G39: 45 | H39: 45 | I39: 45 | J39: 45 | K39: 45 | L39: 45 | M39: 45 | N39: 45 | P39: 40 | Q39: Thùng rác inox nắp đạp | R39: CCDC | S39: Cái | T39: 400 | U39: 3 | V39: 1200 | W39: 24 | Y39: =V39/W39 -> 50
B40: Thành tiền | C40: =C38*C39 -> 13950 | D40: =D38*D39 -> 13950 | E40: =E38*E39 -> 13995 | F40: =F38*F39 -> 13995 | G40: =G38*G39 -> 14040 | H40: =H38*H39 -> 14040 | I40: =I38*I39 -> 14085 | J40: =J38*J39 -> 14085 | ... N40: =N38*N39 -> 14220 | P40: 41 | Q40: Bàn thu ngân | R40: CCDC | S40: Cái | T40: 6000 | U40: 1 | V40: 6000 | W40: 24 | Y40: =V40/W40 -> 250
A41: Sữa đặc | B41: Giá mua | C41: 28 | D41: 28 | E41: 28 | F41: 29 | G41: 30 | H41: 30 | I41: 45805 | J41: 45805 | K41: 45805 | L41: 28 | M41: 28 | N41: 28 | P41: 42 | Q41: Máy tính POS cảm ứng | R41: CCDC | S41: Bộ | T41: 15000 | U41: 1 | V41: 15000 | W41: 24 | Y41: =V41/W41 -> 625
B42: Khối lượng (lon) | C42: 100 | D42: 100 | E42: 100 | F42: 100 | G42: 100 | H42: 100 | I42: 100 | J42: 100 | K42: 100 | L42: 100 | M42: 100 | N42: 100 | P42: 43 | Q42: Máy in bill nhiệt | R42: CCDC | S42: Cái | T42: 3000 | U42: 1 | V42: 3000 | W42: 24 | Y42: =V42/W42 -> 125
B43: Thành tiền | C43: =C41*C42 -> 2800 | D43: =D41*D42 -> 2800 | E43: =E41*E42 -> 2800 | F43: =F41*F42 -> 2900 | G43: =G41*G42 -> 3000 | H43: =H41*H42 -> 3000 | I43: 2850 | J43: 2850 | K43: 2850 | L43: =L41*L42 -> 2800 | M43: =M41*M42 -> 2800 | N43: =N41*N42 -> 2800 | P43: 44 | Q43: Ngăn kéo đựng tiền | R43: CCDC | S43: Cái | T43: 1500 | U43: 1 | V43: 1500 | W43: 24 | Y43: =V43/W43 -> 62.5
A44: Sữa tươi không đường | B44: Giá mua | C44: 10 | D44: 10 | E44: 10 | F44: 45698 | G44: 45787 | H44: 45787 | I44: 45698 | J44: 45698 | K44: 45726 | L44: 45726 | M44: 45757 | N44: 45757 | P44: 45 | Q44: Máy quét mã QR | R44: CCDC | S44: Cái | T44: 2000 | U44: 1 | V44: 2000 | W44: 24 | Y44: =V44/W44 -> 83.333333
B45: Số lượng (hộp) | C45: 300 | D45: 300 | E45: 300 | F45: 300 | G45: 300 | H45: 300 | I45: 300 | J45: 300 | K45: 300 | L45: 300 | M45: 300 | N45: 300 | P45: 46 | Q45: Camera quan sát | R45: CCDC | S45: Cái | T45: 2000 | U45: 3 | V45: 6000 | W45: 24 | Y45: =V45/W45 -> 250
B46: Thành tiền | C46: =C44*C45 -> 3000 | D46: =D44*D45 -> 3000 | E46: =E44*E45 -> 3000 | F46: 3060 | G46: 3150 | H46: 3150 | I46: 3060 | J46: 3060 | K46: 3090 | L46: 3090 | M46: 3120 | N46: 3120 | P46: 47 | Q46: Bộ mạng Wi-Fi / Router | R46: CCDC | S46: Bộ | T46: 2000 | U46: 1 | V46: 2000 | W46: 24 | Y46: =V46/W46 -> 83.333333
A47: Nước cốt dừa | B47: Giá mua | C47: 32 | D47: 32 | E47: 32.5 | F47: 33 | G47: 33 | H47: 32.5 | I47: 32 | J47: 32 | K47: 32 | L47: 32 | M47: 32 | N47: 32 | P47: 48 | Q47: Chổi quét nhà | R47: CCDC | S47: Cái | T47: 30 | U47: 3 | V47: 90 | W47: 24 | Y47: =V47/W47 -> 3.75
B48: Khối lượng (lon) | C48: 40 | D48: 40 | E48: 40 | F48: 40 | G48: 40 | H48: 40 | I48: 40 | J48: 40 | K48: 40 | L48: 40 | M48: 40 | N48: 40 | P48: 49 | Q48: Cây hót rác | R48: CCDC | S48: Cái | T48: 20 | U48: 3 | V48: 60 | W48: 24 | Y48: =V48/W48 -> 2.5
B49: Thành tiền | C49: =C47*C48 -> 1280 | D49: =D47*D48 -> 1280 | E49: 1300 | F49: =F47*F48 -> 1320 | G49: =G47*G48 -> 1320 | H49: 1300 | I49: =I47*I48 -> 1280 | J49: =J47*J48 -> 1280 | K49: =K47*K48 -> 1280 | L49: =L47*L48 -> 1280 | M49: =M47*M48 -> 1280 | N49: =N47*N48 -> 1280 | P49: 50 | Q49: Cây lau nhà | R49: CCDC | S49: Cái | T49: 50 | U49: 2 | V49: 100 | W49: 24 | Y49: =V49/W49 -> 4.1666667
A50: Đường cát trắng | B50: Giá mua | C50: 26 | D50: 45803 | E50: 27 | F50: 45804 | G50: 45804 | H50: 27 | I50: 27 | J50: 45803 | K50: 45803 | L50: 27 | M50: 27 | N50: 27 | P50: 51 | Q50: Nước rửa tay | R50: CCDC | S50: Cái | T50: 40 | U50: 2 | V50: 80 | W50: 24 | Y50: =V50/W50 -> 3.3333333
B51: Khối lượng (túi) | C51: 60 | D51: 60 | E51: 60 | F51: 60 | G51: 60 | H51: 60 | I51: 60 | J51: 60 | K51: 60 | L51: 60 | M51: 60 | N51: 60 | P51: 52 | Q51: Đồng hồ | R51: CCDC | S51: Cái | T51: 35 | U51: 1 | V51: 35 | W51: 24 | Y51: =V51/W51 -> 1.4583333
B52: Thành tiền | C52: =C50*C51 -> 1560 | D52: 1590 | E52: =E50*E51 -> 1620 | F52: 1650 | G52: 1650 | H52: =H50*H51 -> 1620 | I52: =I50*I51 -> 1620 | J52: 1590 | K52: 1590 | L52: =L50*L51 -> 1620 | M52: =M50*M51 -> 1620 | N52: =N50*N51 -> 1620 | P52: 53 | Q52: Biển hiệu lớn | R52: CCDC | S52: Cái | T52: 1200 | U52: 1 | V52: 1200 | W52: 24 | Y52: =V52/W52 -> 50
A53: Bột ca cao | B53: Giá mua | C53: 120 | D53: 120 | E53: 120 | F53: 120 | G53: 120 | H53: 120 | I53: 121 | J53: 121 | K53: 121 | L53: 122 | M53: 122 | N53: 122 | P53: 54 | Q53: Biển hiệu nhỏ | R53: CCDC | S53: Cái | T53: 300 | U53: 1 | V53: 300 | W53: 24 | Y53: =V53/W53 -> 12.5
B54: Khối lượng(kg) | C54: 25 | D54: 25 | E54: 25 | F54: 25 | G54: 25 | H54: 25 | I54: 25 | J54: 25 | K54: 25 | L54: 25 | M54: 25 | N54: 25 | P54: 55 | Q54: ổ cắm điện | R54: CCDC | S54: Cái | T54: 150 | U54: 4 | V54: 600 | W54: 24 | Y54: =V54/W54 -> 25
B55: Thành tiền | C55: =C53*C54 -> 3000 | D55: =D53*D54 -> 3000 | E55: =E53*E54 -> 3000 | F55: =F53*F54 -> 3000 | G55: =G53*G54 -> 3000 | H55: =H53*H54 -> 3000 | I55: =I53*I54 -> 3025 | J55: =J53*J54 -> 3025 | ... N55: =N53*N54 -> 3050 | P55: 56 | Q55: Tổng | V55: =SUM(V6:V54) -> 276965 | Y55: =SUM(Y5:Y54) -> 10081.875
A56: Syrup (caramel, vanilla, chocolate) | B56: Giá mua | C56: 160 | D56: 160 | E56: 160 | F56: 160 | G56: 160 | H56: 160 | I56: 160 | J56: 160 | K56: 160 | L56: 160 | M56: 160 | N56: 160
B57: Số lượng(Chai(1L)) | C57: 15 | D57: 15 | E57: 15 | F57: 15 | G57: 15 | H57: 15 | I57: 15 | J57: 15 | K57: 15 | L57: 15 | M57: 15 | N57: 15
B58: Thành tiền | C58: 2400 | D58: 2400 | E58: 2400 | F58: 2400 | G58: 2400 | H58: 2400 | I58: 2400 | J58: 2400 | K58: 2400 | L58: 2400 | M58: 2400 | N58: 2400
A59: Kem béo / whipping | B59: Giá mua | C59: 95 | D59: 95 | E59: 96 | F59: 98 | G59: 98 | H59: 97 | I59: 96 | J59: 97 | K59: 97 | L59: 98 | M59: 98 | N59: 98
B60: So Luong(Hộp(1L)) | C60: 20 | D60: 20 | E60: 20 | F60: 20 | G60: 20 | H60: 20 | I60: 20 | J60: 20 | K60: 20 | L60: 20 | M60: 20 | N60: 20
B61: Thành tiền | C61: =C59*C60 -> 1900 | D61: =D59*D60 -> 1900 | E61: =E59*E60 -> 1920 | F61: =F59*F60 -> 1960 | G61: =G59*G60 -> 1960 | H61: =H59*H60 -> 1940 | I61: =I59*I60 -> 1920 | J61: =J59*J60 -> 1940 | ... N61: =N59*N60 -> 1960
A62: Đá viên | B62: Giá mua | C62: 2 | D62: 2 | E62: 2 | F62: 2 | G62: 2 | H62: 2 | I62: 2 | J62: 2 | K62: 2 | L62: 2 | M62: 2 | N62: 2
B63: Khối lượng (túi) | C63: 500 | D63: 500 | E63: 500 | F63: 500 | G63: 500 | H63: 500 | I63: 500 | J63: 500 | K63: 500 | L63: 500 | M63: 500 | N63: 500
B64: Thành tiền | C64: =C62*C63 -> 1000 | D64: =D62*D63 -> 1000 | E64: =E62*E63 -> 1000 | F64: =F62*F63 -> 1000 | G64: =G62*G63 -> 1000 | H64: =H62*H63 -> 1000 | I64: =I62*I63 -> 1000 | J64: =J62*J63 -> 1000 | ... N64: =N62*N63 -> 1000
B65: Giá mua | C65: 1 | D65: 1 | E65: 1 | F65: 1 | G65: 45658 | H65: 45658 | I65: 45658 | J65: 45658 | K65: 45658 | L65: 45658 | M65: 45658 | N65: 45658
B66: Khối lượng (cái) | C66: 1000 | D66: 1000 | E66: 1000 | F66: 1000 | G66: 1000 | H66: 1000 | I66: 1000 | J66: 1000 | K66: 1000 | L66: 1000 | M66: 1000 | N66: 1000
A67: Ly nhựa | B67: Thành tiền | C67: =C65*C66 -> 1000 | D67: =D65*D66 -> 1000 | E67: =E65*E66 -> 1000 | F67: =F65*F66 -> 1000 | G67: 1100 | H67: 1100 | I67: 1100 | J67: 1100 | K67: 1100 | L67: 1100 | M67: 1100 | N67: 1100
B68: Giá mua | C68: 0.5 | D68: 0.5 | E68: 0.5 | F68: 0.5 | G68: 0.55 | H68: 0.55 | I68: 0.55 | J68: 0.55 | K68: 0.55 | L68: 0.55 | M68: 0.55 | N68: 0.55
B69: Khối lượng (cái) | C69: 1000 | D69: 1000 | E69: 1000 | F69: 1000 | G69: 1000 | H69: 1000 | I69: 1000 | J69: 1000 | K69: 1000 | L69: 1000 | M69: 1000 | N69: 1000
A70: Nắp ly | B70: Thành tiền | C70: 500 | D70: 500 | E70: 500 | F70: 500 | G70: 550 | H70: 550 | I70: 550 | J70: 550 | K70: 550 | L70: 550 | M70: 550 | N70: 550
B71: Giá mua | C71: 0.2 | D71: 0.2 | E71: 0.2 | F71: 0.2 | G71: 0.2 | H71: 0.2 | I71: 0.2 | J71: 0.2 | K71: 0.2 | L71: 0.2 | M71: 0.2 | N71: 0.2
B72: Khối lượng (cái) | C72: 1000 | D72: 1000 | E72: 1000 | F72: 1000 | G72: 1000 | H72: 1000 | I72: 1000 | J72: 1000 | K72: 1000 | L72: 1000 | M72: 1000 | N72: 1000
A73: Ống hút | B73: Thành tiền | C73: =C71*C72 -> 200 | D73: =D71*D72 -> 200 | E73: =E71*E72 -> 200 | F73: =F71*F72 -> 200 | G73: =G71*G72 -> 200 | H73: =H71*H72 -> 200 | I73: =I71*I72 -> 200 | J73: =J71*J72 -> 200 | ... N73: =N71*N72 -> 200
B74: Giá mua | C74: 0.8 | D74: 0.8 | E74: 0.8 | F74: 0.8 | G74: 0.85 | H74: 0.85 | I74: 0.85 | J74: 0.85 | K74: 0.85 | L74: 0.85 | M74: 0.85 | N74: 0.85
B75: Khối lượng (cái) | C75: 500 | D75: 500 | E75: 500 | F75: 500 | G75: 500 | H75: 500 | I75: 500 | J75: 500 | K75: 500 | L75: 500 | M75: 500 | N75: 500
A76: Túi mang đi | B76: Thành tiền | C76: =C74*C75 -> 400 | D76: =D74*D75 -> 400 | E76: =E74*E75 -> 400 | F76: =F74*F75 -> 400 | G76: =G74*G75 -> 425 | H76: =H74*H75 -> 425 | I76: =I74*I75 -> 425 | J76: =J74*J75 -> 425 | ... N76: =N74*N75 -> 425
B77: Giá mua | C77: 0.3 | D77: 0.3 | E77: 0.3 | F77: 0.3 | G77: 0.3 | H77: 0.3 | I77: 0.3 | J77: 0.3 | K77: 0.3 | L77: 0.3 | M77: 0.3 | N77: 0.3
B78: Khối lượng (cái) | C78: 500 | D78: 500 | E78: 500 | F78: 500 | G78: 500 | H78: 500 | I78: 500 | J78: 500 | K78: 500 | L78: 500 | M78: 500 | N78: 500
A79: Muỗng khuấy | B79: Thành tiền | C79: =C77*C78 -> 150 | D79: =D77*D78 -> 150 | E79: =E77*E78 -> 150 | F79: =F77*F78 -> 150 | G79: =G77*G78 -> 150 | H79: =H77*H78 -> 150 | I79: =I77*I78 -> 150 | J79: =J77*J78 -> 150 | ... N79: =N77*N78 -> 150
B80: Giá mua | C80: 10 | D80: 10 | E80: 10 | F80: 10 | G80: 45787 | H80: 45787 | I80: 45787 | J80: 45787 | K80: 45787 | L80: 45787 | M80: 45787 | N80: 45787
B81: Khối lượng (túi) | C81: 40 | D81: 40 | E81: 40 | F81: 40 | G81: 40 | H81: 40 | I81: 40 | J81: 40 | K81: 40 | L81: 40 | M81: 40 | N81: 40
A82: Khăn giấy | B82: Thành tiền | C82: =C80*C81 -> 400 | D82: =D80*D81 -> 400 | E82: =E80*E81 -> 400 | F82: =F80*F81 -> 400 | G82: 420 | H82: 420 | I82: 420 | J82: 420 | K82: 420 | L82: 420 | M82: 420 | N82: 420
B83: Giá mua | C83: 15 | D83: 14 | E83: 12 | F83: 12 | G83: 13 | H83: 14 | I83: 15 | J83: 16 | K83: 17 | L83: 18 | M83: 18 | N83: 17
B84: Khối lượng (túi) | C84: 30 | D84: 30 | E84: 30 | F84: 30 | G84: 30 | H84: 30 | I84: 30 | J84: 30 | K84: 30 | L84: 30 | M84: 30 | N84: 30
A85: Dưa hấu | B85: Thành tiền | C85: =C83*C83 -> 225 | D85: =D83*D83 -> 196 | E85: =E83*E83 -> 144 | F85: =F83*F83 -> 144 | G85: =G83*G83 -> 169 | H85: =H83*H83 -> 196 | I85: =I83*I83 -> 225 | J85: =J83*J83 -> 256 | ... N85: =N83*N83 -> 289
B86: Giá mua | C86: 45 | D86: 42 | E86: 40 | F86: 38 | G86: 40 | H86: 42 | I86: 45 | J86: 48 | K86: 50 | L86: 52 | M86: 52 | N86: 50
B87: Khối lượng (kg) | C87: 50 | D87: 50 | E87: 50 | F87: 50 | G87: 50 | H87: 50 | I87: 50 | J87: 50 | K87: 50 | L87: 50 | M87: 50 | N87: 50
A88: Cam tươi (cam vàng / cam sành) | B88: Thành tiền | C88: =C86*C87 -> 2250 | D88: =D86*D87 -> 2100 | E88: =E86*E87 -> 2000 | F88: =F86*F87 -> 1900 | G88: =G86*G87 -> 2000 | H88: =H86*H87 -> 2100 | I88: =I86*I87 -> 2250 | J88: =J86*J87 -> 2400 | ... N88: =N86*N87 -> 2500
B89: Giá mua | C89: 12 | D89: 12 | E89: 12 | F89: 12 | G89: 12 | H89: 12 | I89: 12 | J89: 12 | K89: 12 | L89: 12 | M89: 12 | N89: 12
B90: Khối lượng (kg) | C90: 10 | D90: 10 | E90: 10 | F90: 10 | G90: 10 | H90: 10 | I90: 10 | J90: 10 | K90: 10 | L90: 10 | M90: 10 | N90: 10
A91: Muối tinh | B91: Thành tiền | C91: =C89*C90 -> 120 | D91: =D89*D90 -> 120 | E91: =E89*E90 -> 120 | F91: =F89*F90 -> 120 | G91: =G89*G90 -> 120 | H91: =H89*H90 -> 120 | I91: =I89*I90 -> 120 | J91: =J89*J90 -> 120 | ... N91: =N89*N90 -> 120
B92: Giá mua | C92: 240 | D92: 240 | E92: 240 | F92: 242 | G92: 245 | H92: 245 | I92: 242 | J92: 242 | K92: 245 | L92: 245 | M92: 245 | N92: 245
B93: Khối lượng (túi) | C93: 20 | D93: 20 | E93: 20 | F93: 20 | G93: 20 | H93: 20 | I93: 20 | J93: 20 | K93: 20 | L93: 20 | M93: 20 | N93: 20
A94: Trà đen (Hồng trà khô) | B94: Thành tiền | C94: =C92*C93 -> 4800 | D94: =D92*D93 -> 4800 | E94: =E92*E93 -> 4800 | F94: =F92*F93 -> 4840 | G94: =G92*G93 -> 4900 | H94: =H92*H93 -> 4900 | I94: =I92*I93 -> 4840 | J94: =J92*J93 -> 4840 | ... N94: =N92*N93 -> 4900
B95: Giá mua | C95: 450 | D95: 450 | E95: 455 | F95: 455 | G95: 458 | H95: 458 | I95: 455 | J95: 455 | K95: 458 | L95: 458 | M95: 460 | N95: 460
B96: Khối lượng (túi) | C96: 10 | D96: 10 | E96: 10 | F96: 10 | G96: 10 | H96: 10 | I96: 10 | J96: 10 | K96: 10 | L96: 10 | M96: 10 | N96: 10
A97: Bột matcha Nhật (loại trung cấp) | B97: Thành tiền | C97: =C95*C96 -> 4500 | D97: =D95*D96 -> 4500 | E97: =E95*E96 -> 4550 | F97: =F95*F96 -> 4550 | G97: =G95*G96 -> 4580 | H97: =H95*H96 -> 4580 | I97: =I95*I96 -> 4550 | J97: =J95*J96 -> 4550 | ... N97: =N95*N96 -> 4600
B98: Giá mua | C98: 150 | D98: 150 | E98: 150 | F98: 152 | G98: 155 | H98: 155 | I98: 152 | J98: 152 | K98: 155 | L98: 155 | M98: 155 | N98: 155
B99: Khối lượng (túi) | C99: 15 | D99: 15 | E99: 15 | F99: 15 | G99: 15 | H99: 15 | I99: 15 | J99: 15 | K99: 15 | L99: 15 | M99: 15 | N99: 15
A100: Bột cacao đen | B100: Thành tiền | C100: =C98*C99 -> 2250 | D100: =D98*D99 -> 2250 | E100: =E98*E99 -> 2250 | F100: =F98*F99 -> 2280 | G100: =G98*G99 -> 2325 | H100: =H98*H99 -> 2325 | I100: =I98*I99 -> 2280 | J100: =J98*J99 -> 2280 | ... N100: =N98*N99 -> 2325
B101: Giá mua | C101: 95 | D101: 95 | E101: 95 | F101: 95 | G101: 95 | H101: 95 | I101: 95 | J101: 95 | K101: 95 | L101: 95 | M101: 95 | N101: 95
B102: Khối lượng (Túi) | C102: 20 | D102: 20 | E102: 20 | F102: 20 | G102: 20 | H102: 20 | I102: 20 | J102: 20 | K102: 20 | L102: 20 | M102: 20 | N102: 20
...

Sheet giá bán sp
C3: Bảng 3.4.2 Giá bán sản phẩm
B5: STT | C5: Sản phẩm | D5: Giá bán của DN (10.000đ) | E5: Giá bán của đối thủ (10.000đ)
B6: 1 | C6: Cà phê đen | D6: 30 | E6: 35
B7: 2 | C7: Cà phê sữa | D7: 35 | E7: 38
B8: 3 | C8: Espresso | D8: 33 | E8: 35
B9: 4 | C9: Americano | D9: 35 | E9: 35
B10: 5 | C10: Bạc Xỉu | D10: 38 | E10: 40
B11: 6 | C11: Trà hoa quả | D11: 42 | E11: 55
B12: 7 | C12: Trà đào cam sả | D12: 40 | E12: 55
B13: 8 | C13: Trà chanh leo | D13: 38 | E13: 50
B14: 9 | C14: Trà sen vàng | D14: 45 | E14: 45
B15: 10 | C15: Trà sữa olong đường đen | D15: 45 | E15: 55
B16: 11 | C16: Trà sữa olong matcha | D16: 45 | E16: 55
B17: 12 | C17: Trà sữa truyền thống | D17: 30 | E17: 45
... B19: 14 | C19: Trà táo/cam quế | D19: 40 | E19: 48
B20: 15 | C20: Trà lựu việt quất | D20: 40 | E20: 45-50
B21: 16 | C21: Trà dâu tằm | D21: 40 | E21: 45
B22: 17 | C22: Nước ép | D22: 35 | E22: 50
B23: 18 | C23: Sinh tố bơ | D23: 45 | E23: 55
B24: 19 | C24: Sinh tố xoài | D24: 35 | E24: 40
B25: 20 | C25: Sinh tố dâu | D25: 45 | E25: 48
B26: 21 | C26: Matcha đá xay | D26: 35 | E26: 40
B27: 22 | C27: Socola đá xay | D27: 35 | E27: 42
B28: 23 | C28: Cookies & cream đá xay | D28: 45 | E28: 52
B29: 24 | C29: Ca cao nóng | D29: 35 | E29: 38
B30: 25 | C30: Trà gừng mật ong | D30: 30 | E30: 35
B31: 26 | C31: Trà hoa cúc | D31: 30 | E31: 35
B32: 27 | C32: Combo học tập/ nghỉ ngắn | D32: 100 | E32: 110

Sheet Doanh thu
A1: Sản phẩm | B1: Chỉ tiêu | C1: 2025-2026
C2: T9 | D2: T10 | E2: T11 | F2: T12 | G2: T1 | H2: T2 | I2: T3 | J2: T4 | K2: T5 | L2: T6 | M2: T7 | N2: T8
A3: Cà phê đen | B3: Sản lượng | C3: 750 | D3: 850 | E3: 755 | F3: 1200 | G3: 1222 | H3: 1250 | I3: 1224 | J3: 1125 | K3: 1185 | L3: 1195 | M3: 1191 | N3: 1100
B4: Giá bán (nghìn vnđ) | C4: 30 | D4: 30 | E4: 30 | F4: 30 | G4: 30 | H4: 30 | I4: 30 | J4: 30 | K4: 30 | L4: 30 | M4: 30 | N4: 30
B5: Doanh thu (nghìn vnđ) | C5: =PRODUCT(C4,C3) -> 22500 | D5: =PRODUCT(D4,D3) -> 25500 | E5: =PRODUCT(E4,E3) -> 22650 | F5: =PRODUCT(F4,F3) -> 36000 | G5: =PRODUCT(G4,G3) -> 36660 | H5: =PRODUCT(H4,H3) -> 37500 | I5: =PRODUCT(I4,I3) -> 36720 | J5: =PRODUCT(J4,J3) -> 33750 | ... N5: =PRODUCT(N4,N3) -> 33000
A6: Cà phê sữa | B6: Sản lượng | C6: 750 | D6: 850 | E6: 755 | F6: 1200 | G6: 1223 | H6: 1226 | I6: 1227 | J6: 1231 | K6: 1186 | L6: 1187 | M6: 1188 | N6: 1110
B7: Giá bán (nghìn vnđ) | C7: 35 | D7: 35 | E7: 35 | F7: 35 | G7: 35 | H7: 35 | I7: 35 | J7: 35 | K7: 35 | L7: 35 | M7: 35 | N7: 35
B8: Doanh thu (nghìn vnđ) | C8: =PRODUCT(C7,C6) -> 26250 | D8: =PRODUCT(D7,D6) -> 29750 | E8: =PRODUCT(E7,E6) -> 26425 | F8: =PRODUCT(F7,F6) -> 42000 | G8: =PRODUCT(G7,G6) -> 42805 | H8: =PRODUCT(H7,H6) -> 42910 | I8: =PRODUCT(I7,I6) -> 42945 | J8: =PRODUCT(J7,J6) -> 43085 | ... N8: =PRODUCT(N7,N6) -> 38850
A9: Espresso | B9: Sản lượng | C9: 1000 | D9: 1110 | E9: 1112 | F9: 1115 | G9: 1120 | H9: 1121 | I9: 1123 | J9: 1125 | K9: 1126 | L9: 1100 | M9: 1110 | N9: 1100
B10: Giá bán (nghìn vnđ) | C10: 33 | D10: 33 | E10: 33 | F10: 33 | G10: 33 | H10: 33 | I10: 33 | J10: 33 | K10: 33 | L10: 33 | M10: 33 | N10: 33
B11: Doanh thu (nghìn vnđ) | C11: =PRODUCT(C10,C9) -> 33000 | D11: =PRODUCT(D10,D9) -> 36630 | E11: =PRODUCT(E10,E9) -> 36696 | F11: =PRODUCT(F10,F9) -> 36795 | G11: =PRODUCT(G10,G9) -> 36960 | H11: =PRODUCT(H10,H9) -> 36993 | I11: =PRODUCT(I10,I9) -> 37059 | J11: =PRODUCT(J10,J9) -> 37125 | ... N11: =PRODUCT(N10,N9) -> 36300
A12: Americano | B12: Sản lượng | C12: 750 | D12: 785 | E12: 765 | F12: 1021 | G12: 1025 | H12: 1030 | I12: 1040 | J12: 1100 | K12: 1111 | L12: 1113 | M12: 1115 | N12: 1117
B13: giá bán (nghìn vnđ) | C13: 35 | D13: 35 | E13: 35 | F13: 35 | G13: 35 | H13: 35 | I13: 35 | J13: 35 | K13: 35 | L13: 35 | M13: 35 | N13: 35
B14: Doanh thu (nghìn vnđ) | C14: =PRODUCT(C13,C12) -> 26250 | D14: =PRODUCT(D13,D12) -> 27475 | E14: =PRODUCT(E13,E12) -> 26775 | F14: =PRODUCT(F13,F12) -> 35735 | G14: =PRODUCT(G13,G12) -> 35875 | H14: =PRODUCT(H13,H12) -> 36050 | I14: =PRODUCT(I13,I12) -> 36400 | J14: =PRODUCT(J13,J12) -> 38500 | ... N14: =PRODUCT(N13,N12) -> 39095
A15: Bạc Xỉu | B15: Sản lượng | C15: 750 | D15: 755 | E15: 789 | F15: 800 | G15: 850 | H15: 860 | I15: 870 | J15: 900 | K15: 800 | L15: 750 | M15: 820 | N15: 818
B16: giá bán (nghìn vnđ) | C16: 38 | D16: 38 | E16: 38 | F16: 38 | G16: 38 | H16: 38 | I16: 38 | J16: 38 | K16: 38 | L16: 38 | M16: 38 | N16: 38
B17: Doanh thu (nghìn vnđ) | C17: =PRODUCT(C16,C15) -> 28500 | D17: =PRODUCT(D16,D15) -> 28690 | E17: =PRODUCT(E16,E15) -> 29982 | F17: =PRODUCT(F16,F15) -> 30400 | G17: =PRODUCT(G16,G15) -> 32300 | H17: =PRODUCT(H16,H15) -> 32680 | I17: =PRODUCT(I16,I15) -> 33060 | J17: =PRODUCT(J16,J15) -> 34200 | ... N17: =PRODUCT(N16,N15) -> 31084
A18: Trà hoa quả | B18: Sản lượng | C18: 500 | D18: 555 | E18: 565 | F18: 575 | G18: 600 | H18: 685 | I18: 785 | J18: 800 | K18: 700 | L18: 777 | M18: 555 | N18: 651
B19: giá bán (nghìn vnđ) | C19: 42 | D19: 42 | E19: 42 | F19: 42 | G19: 42 | H19: 42 | I19: 42 | J19: 42 | K19: 42 | L19: 42 | M19: 42 | N19: 42
B20: Doanh thu nghìn vnđ) | C20: =PRODUCT(C19,C18) -> 21000 | D20: =PRODUCT(D19,D18) -> 23310 | E20: =PRODUCT(E19,E18) -> 23730 | F20: =PRODUCT(F19,F18) -> 24150 | G20: =PRODUCT(G19,G18) -> 25200 | H20: =PRODUCT(H19,H18) -> 28770 | I20: =PRODUCT(I19,I18) -> 32970 | J20: =PRODUCT(J19,J18) -> 33600 | ... N20: =PRODUCT(N19,N18) -> 27342
A21: Trà đào cam sả | B21: Sản lượng | C21: 555 | D21: 650 | E21: 654 | F21: 864 | G21: 845 | H21: 890 | I21: 800 | J21: 700 | K21: 666 | L21: 678 | M21: 697 | N21: 631
B22: giá bán (nghìn vnđ) | C22: 40 | D22: 40 | E22: 40 | F22: 40 | G22: 40 | H22: 40 | I22: 40 | J22: 40 | K22: 40 | L22: 40 | M22: 40 | N22: 40
B23: Doanh thu nghìn vnđ) | C23: =PRODUCT(C22,C21) -> 22200 | D23: =PRODUCT(D22,D21) -> 26000 | E23: =PRODUCT(E22,E21) -> 26160 | F23: =PRODUCT(F22,F21) -> 34560 | G23: =PRODUCT(G22,G21) -> 33800 | H23: =PRODUCT(H22,H21) -> 35600 | I23: =PRODUCT(I22,I21) -> 32000 | J23: =PRODUCT(J22,J21) -> 28000 | ... N23: =PRODUCT(N22,N21) -> 25240
A24: Trà chanh leo | B24: Sản lượng | C24: 190 | D24: 125 | E24: 102 | F24: 123 | G24: 185 | H24: 154 | I24: 116 | J24: 131 | K24: 196 | L24: 148 | M24: 200 | N24: 162
B25: giá bán (nghìn vnđ) | C25: 38 | D25: 38 | E25: 38 | F25: 38 | G25: 38 | H25: 38 | I25: 38 | J25: 38 | K25: 38 | L25: 38 | M25: 38 | N25: 38
B26: Doanh thu nghìn vnđ) | C26: =PRODUCT(C25,C24) -> 7220 | D26: =PRODUCT(D25,D24) -> 4750 | E26: =PRODUCT(E25,E24) -> 3876 | F26: =PRODUCT(F25,F24) -> 4674 | G26: =PRODUCT(G25,G24) -> 7030 | H26: =PRODUCT(H25,H24) -> 5852 | I26: =PRODUCT(I25,I24) -> 4408 | J26: =PRODUCT(J25,J24) -> 4978 | ... N26: =PRODUCT(N25,N24) -> 6156
A27: Trà sen vàng | B27: Sản lượng | C27: 116 | D27: 170 | E27: 161 | F27: 115 | G27: 157 | H27: 174 | I27: 136 | J27: 130 | K27: 187 | L27: 194 | M27: 125 | N27: 180
B28: giá bán (nghìn vnđ) | C28: 45 | D28: 45 | E28: 45 | F28: 45 | G28: 45 | H28: 45 | I28: 45 | J28: 45 | K28: 45 | L28: 45 | M28: 45 | N28: 45
B29: Doanh thu nghìn vnđ) | C29: =PRODUCT(C28,C27) -> 5220 | D29: =PRODUCT(D28,D27) -> 7650 | E29: =PRODUCT(E28,E27) -> 7245 | F29: =PRODUCT(F28,F27) -> 5175 | G29: =PRODUCT(G28,G27) -> 7065 | H29: =PRODUCT(H28,H27) -> 7830 | I29: =PRODUCT(I28,I27) -> 6120 | J29: =PRODUCT(J28,J27) -> 5850 | ... N29: =PRODUCT(N28,N27) -> 8100
A30: Trà sữa olong đường đen | B30: Sản lượng | C30: 100 | D30: 100 | E30: 100 | F30: 100 | G30: 100 | H30: 100 | I30: 100 | J30: 100 | K30: 100 | L30: 100 | M30: 100 | N30: 100
B31: giá bán (nghìn vnđ) | C31: 45 | D31: 45 | E31: 45 | F31: 45 | G31: 45 | H31: 45 | I31: 45 | J31: 45 | K31: 45 | L31: 45 | M31: 45 | N31: 45
B32: Doanh thu nghìn vnđ) | C32: =PRODUCT(C31,C30) -> 4500 | D32: =PRODUCT(D31,D30) -> 4500 | E32: =PRODUCT(E31,E30) -> 4500 | F32: =PRODUCT(F31,F30) -> 4500 | G32: =PRODUCT(G31,G30) -> 4500 | H32: =PRODUCT(H31,H30) -> 4500 | I32: =PRODUCT(I31,I30) -> 4500 | J32: =PRODUCT(J31,J30) -> 4500 | ... N32: =PRODUCT(N31,N30) -> 4500
A33: Trà sữa olong matcha | B33: Sản lượng | C33: 176 | D33: 116 | E33: 111 | F33: 181 | G33: 171 | H33: 192 | I33: 200 | J33: 157 | K33: 188 | L33: 134 | M33: 122 | N33: 100
B34: giá bán (nghìn vnđ) | C34: 45 | D34: 45 | E34: 45 | F34: 45 | G34: 45 | H34: 45 | I34: 45 | J34: 45 | K34: 45 | L34: 45 | M34: 45 | N34: 45
B35: Doanh thu nghìn vnđ) | C35: =PRODUCT(C34,C33) -> 7920 | D35: =PRODUCT(D34,D33) -> 5220 | E35: =PRODUCT(E34,E33) -> 4995 | F35: =PRODUCT(F34,F33) -> 8145 | G35: =PRODUCT(G34,G33) -> 7695 | H35: =PRODUCT(H34,H33) -> 8640 | I35: =PRODUCT(I34,I33) -> 9000 | J35: =PRODUCT(J34,J33) -> 7065 | ... N35: =PRODUCT(N34,N33) -> 4500
A36: Trà sữa truyền thống | B36: Sản lượng | C36: 161 | D36: 131 | E36: 107 | F36: 192 | G36: 103 | H36: 198 | I36: 189 | J36: 182 | K36: 187 | L36: 152 | M36: 170 | N36: 102
B37: giá bán (nghìn vnđ) | C37: 30 | D37: 30 | E37: 30 | F37: 30 | G37: 30 | H37: 30 | I37: 30 | J37: 30 | K37: 30 | L37: 30 | M37: 30 | N37: 30
B38: Doanh thu nghìn vnđ) | C38: =PRODUCT(C37,C36) -> 4830 | D38: =PRODUCT(D37,D36) -> 3930 | E38: =PRODUCT(E37,E36) -> 3210 | F38: =PRODUCT(F37,F36) -> 5760 | G38: =PRODUCT(G37,G36) -> 3090 | H38: =PRODUCT(H37,H36) -> 5940 | I38: =PRODUCT(I37,I36) -> 5670 | J38: =PRODUCT(J37,J36) -> 5460 | ... N38: =PRODUCT(N37,N36) -> 3060
A39: Hồng trà kem cheese | B39: Sản lượng | C39: 119 | D39: 143 | E39: 168 | F39: 139 | G39: 132 | H39: 194 | I39: 175 | J39: 148 | K39: 196 | L39: 181 | M39: 185 | N39: 118
B40: giá bán (nghìn vnđ) | C40: 40 | D40: 40 | E40: 40 | F40: 40 | G40: 40 | H40: 40 | I40: 40 | J40: 40 | K40: 40 | L40: 40 | M40: 40 | N40: 40
B41: Doanh thu nghìn vnđ) | C41: =PRODUCT(C40,C39) -> 4760 | D41: =PRODUCT(D40,D39) -> 5720 | E41: =PRODUCT(E40,E39) -> 6720 | F41: =PRODUCT(F40,F39) -> 5560 | G41: =PRODUCT(G40,G39) -> 5280 | H41: =PRODUCT(H40,H39) -> 7760 | I41: =PRODUCT(I40,I39) -> 7000 | J41: =PRODUCT(J40,J39) -> 5920 | ... N41: =PRODUCT(N40,N39) -> 4720
A42: Trà táo/cam quế | B42: Sản lượng | C42: 193 | D42: 144 | E42: 153 | F42: 107 | G42: 165 | H42: 135 | I42: 110 | J42: 140 | K42: 165 | L42: 128 | M42: 142 | N42: 159
B43: giá bán (nghìn vnđ) | C43: 40 | D43: 40 | E43: 40 | F43: 40 | G43: 40 | H43: 40 | I43: 40 | J43: 40 | K43: 40 | L43: 40 | M43: 40 | N43: 40
B44: Doanh thu nghìn vnđ) | C44: =PRODUCT(C43,C42) -> 7720 | D44: =PRODUCT(D43,D42) -> 5760 | E44: =PRODUCT(E43,E42) -> 6120 | F44: =PRODUCT(F43,F42) -> 4280 | G44: =PRODUCT(G43,G42) -> 6600 | H44: =PRODUCT(H43,H42) -> 5400 | I44: =PRODUCT(I43,I42) -> 4400 | J44: =PRODUCT(J43,J42) -> 5600 | ... N44: =PRODUCT(N43,N42) -> 6360
A45: Trà lựu việt quất | B45: Sản lượng | C45: 337 | D45: 495 | E45: 481 | F45: 445 | G45: 462 | H45: 327 | I45: 315 | J45: 482 | K45: 483 | L45: 367 | M45: 370 | N45: 449
B46: giá bán (nghìn vnđ) | C46: 40 | D46: 40 | E46: 40 | F46: 40 | G46: 40 | H46: 40 | I46: 40 | J46: 40 | K46: 40 | L46: 40 | M46: 40 | N46: 40
B47: Doanh thu nghìn vnđ) | C47: =PRODUCT(C46,C45) -> 13480 | D47: =PRODUCT(D46,D45) -> 19800 | E47: =PRODUCT(E46,E45) -> 19240 | F47: =PRODUCT(F46,F45) -> 17800 | G47: =PRODUCT(G46,G45) -> 18480 | H47: =PRODUCT(H46,H45) -> 13080 | I47: =PRODUCT(I46,I45) -> 12600 | J47: =PRODUCT(J46,J45) -> 19280 | ... N47: =PRODUCT(N46,N45) -> 17960
A48: Trà dâu tằm | B48: Sản lượng | C48: 133 | D48: 116 | E48: 100 | F48: 137 | G48: 159 | H48: 106 | I48: 189 | J48: 163 | K48: 116 | L48: 166 | M48: 147 | N48: 126
B49: giá bán (nghìn vnđ) | C49: 40 | D49: 40 | E49: 40 | F49: 40 | G49: 40 | H49: 40 | I49: 40 | J49: 40 | K49: 40 | L49: 40 | M49: 40 | N49: 40
B50: Doanh thu nghìn vnđ) | C50: =PRODUCT(C49,C48) -> 5320 | D50: =PRODUCT(D49,D48) -> 4640 | E50: =PRODUCT(E49,E48) -> 4000 | F50: =PRODUCT(F49,F48) -> 5480 | G50: =PRODUCT(G49,G48) -> 6360 | H50: =PRODUCT(H49,H48) -> 4240 | I50: =PRODUCT(I49,I48) -> 7560 | J50: =PRODUCT(J49,J48) -> 6520 | ... N50: =PRODUCT(N49,N48) -> 5040
A51: Nước ép | B51: Sản lượng | C51: 591 | D51: 623 | E51: 661 | F51: 690 | G51: 545 | H51: 643 | I51: 568 | J51: 692 | K51: 630 | L51: 660 | M51: 514 | N51: 631
B52: giá bán (nghìn vnđ) | C52: 35 | D52: 35 | E52: 35 | F52: 35 | G52: 35 | H52: 35 | I52: 35 | J52: 35 | K52: 35 | L52: 35 | M52: 35 | N52: 35
B53: Doanh thu nghìn vnđ) | C53: =PRODUCT(C52,C51) -> 20685 | D53: =PRODUCT(D52,D51) -> 21805 | E53: =PRODUCT(E52,E51) -> 23135 | F53: =PRODUCT(F52,F51) -> 24150 | G53: =PRODUCT(G52,G51) -> 19075 | H53: =PRODUCT(H52,H51) -> 22505 | I53: =PRODUCT(I52,I51) -> 19880 | J53: =PRODUCT(J52,J51) -> 24220 | ... N53: =PRODUCT(N52,N51) -> 22085
A54: Sinh tố bơ | B54: Sản lượng | C54: 171 | D54: 171 | E54: 133 | F54: 126 | G54: 106 | H54: 121 | I54: 596 | J54: 556 | K54: 563 | L54: 596 | M54: 543 | N54: 533
B55: giá bán (nghìn vnđ) | C55: 45 | D55: 45 | E55: 45 | F55: 45 | G55: 45 | H55: 45 | I55: 45 | J55: 45 | K55: 45 | L55: 45 | M55: 45 | N55: 45
B56: Doanh thu nghìn vnđ) | C56: =PRODUCT(C55,C54) -> 7695 | D56: =PRODUCT(D55,D54) -> 7695 | E56: =PRODUCT(E55,E54) -> 5985 | F56: =PRODUCT(F55,F54) -> 5670 | G56: =PRODUCT(G55,G54) -> 4770 | H56: =PRODUCT(H55,H54) -> 5445 | I56: =PRODUCT(I55,I54) -> 26820 | J56: =PRODUCT(J55,J54) -> 25020 | ... N56: =PRODUCT(N55,N54) -> 23985
A57: Sinh tố xoài | B57: Sản lượng | C57: 505 | D57: 555 | E57: 581 | F57: 570 | G57: 536 | H57: 588 | I57: 546 | J57: 561 | K57: 549 | L57: 544 | M57: 517 | N57: 587
B58: giá bán (nghìn vnđ) | C58: 35 | D58: 35 | E58: 35 | F58: 35 | G58: 35 | H58: 35 | I58: 35 | J58: 35 | K58: 35 | L58: 35 | M58: 35 | N58: 35
B59: Doanh thu nghìn vnđ) | C59: =PRODUCT(C58,C57) -> 17675 | D59: =PRODUCT(D58,D57) -> 19425 | E59: =PRODUCT(E58,E57) -> 20335 | F59: =PRODUCT(F58,F57) -> 19950 | G59: =PRODUCT(G58,G57) -> 18760 | H59: =PRODUCT(H58,H57) -> 20580 | I59: =PRODUCT(I58,I57) -> 19110 | J59: =PRODUCT(J58,J57) -> 19635 | ... N59: =PRODUCT(N58,N57) -> 20545
A60: Sinh tố dâu | B60: Sản lượng | C60: 545 | D60: 561 | E60: 545 | F60: 654 | G60: 556 | H60: 566 | I60: 590 | J60: 600 | K60: 529 | L60: 516 | M60: 584 | N60: 564
B61: giá bán (nghìn vnđ) | C61: 45 | D61: 45 | E61: 45 | F61: 45 | G61: 45 | H61: 45 | I61: 45 | J61: 45 | K61: 45 | L61: 45 | M61: 45 | N61: 45
B62: Doanh thu nghìn vnđ) | C62: =PRODUCT(C61,C60) -> 24525 | D62: =PRODUCT(D61,D60) -> 25245 | E62: =PRODUCT(E61,E60) -> 24525 | F62: =PRODUCT(F61,G60) -> 25020 | G62: =PRODUCT(G61,G60) -> 25020 | H62: =PRODUCT(H61,H60) -> 25470 | I62: =PRODUCT(I61,I60) -> 26550 | J62: =PRODUCT(J61,J60) -> 27000 | K62: =PRODUCT(K61,K60) -> 23805 | L62: =PRODUCT(L61,L60) -> 23220 | M62: =PRODUCT(M61,M60) -> 26280 | N62: =PRODUCT(N61,N60) -> 25380
A63: Matcha đá xay | B63: Sản lượng | C63: 234 | D63: 222 | E63: 243 | F63: 247 | G63: 287 | H63: 297 | I63: 800 | J63: 826 | K63: 864 | L63: 888 | M63: 897 | N63: 234 | Y63: 974
B64: giá bán (nghìn vnđ) | C64: 35 | D64: 35 | E64: 35 | F64: 35 | G64: 35 | H64: 35 | I64: 35 | J64: 35 | K64: 35 | L64: 35 | M64: 35 | N64: 35
B65: Doanh thu nghìn vnđ) | C65: =PRODUCT(C64,C63) -> 8190 | D65: =PRODUCT(D64,D63) -> 7770 | E65: =PRODUCT(E64,E63) -> 8505 | F65: =PRODUCT(F64,F63) -> 8645 | G65: =PRODUCT(G64,G63) -> 10045 | H65: =PRODUCT(H64,H63) -> 10395 | I65: =PRODUCT(I64,I63) -> 28000 | J65: =PRODUCT(J64,J63) -> 28910 | ... N65: =PRODUCT(N64,N63) -> 8190
A66: Socola đá xay | B66: Sản lượng | C66: 123 | D66: 123 | E66: 132 | F66: 123 | G66: 111 | H66: 122 | I66: 500 | J66: 567 | K66: 765 | L66: 845 | M66: 945 | N66: 846
B67: giá bán (nghìn vnđ) | C67: 35 | D67: 35 | E67: 35 | F67: 35 | G67: 35 | H67: 35 | I67: 35 | J67: 35 | K67: 35 | L67: 35 | M67: 35 | N67: 35
B68: Doanh thu nghìn vnđ) | C68: =PRODUCT(C67,C66) -> 4305 | D68: =PRODUCT(D67,D66) -> 4305 | E68: =PRODUCT(E67,E66) -> 4620 | F68: =PRODUCT(F67,F66) -> 4305 | G68: =PRODUCT(G67,G66) -> 3885 | H68: =PRODUCT(H67,H66) -> 4270 | I68: =PRODUCT(I67,I66) -> 17500 | J68: =PRODUCT(J67,J66) -> 19845 | ... N68: =PRODUCT(N67,N66) -> 29610
A69: Cookies & cream đá xay | B69: Sản lượng | C69: 111 | D69: 112 | E69: 115 | F69: 114 | G69: 123 | H69: 123 | I69: 135 | J69: 500 | K69: 565 | L69: 575 | M69: 585 | N69: 600
B70: giá bán (nghìn vnđ) | C70: 45 | D70: 45 | E70: 45 | F70: 45 | G70: 45 | H70: 45 | I70: 45 | J70: 45 | K70: 45 | L70: 45 | M70: 45 | N70: 45
B71: Doanh thu nghìn vnđ) | C71: =PRODUCT(C70,C69) -> 4995 | D71: =PRODUCT(D70,D69) -> 5040 | E71: =PRODUCT(E70,E69) -> 5175 | F71: =PRODUCT(F70,F69) -> 5130 | G71: =PRODUCT(G70,G69) -> 5535 | H71: =PRODUCT(H70,H69) -> 5535 | I71: =PRODUCT(I70,I69) -> 6075 | J71: =PRODUCT(J70,J69) -> 22500 | ... N71: =PRODUCT(N70,N69) -> 27000
A72: Ca cao nóng | B72: Sản lượng | C72: 751 | D72: 852 | E72: 854 | F72: 984 | G72: 1000 | H72: 1012 | I72: 1023 | J72: 1075 | K72: 252 | L72: 231 | M72: 200 | N72: 121
B73: giá bán (nghìn vnđ) | C73: 35 | D73: 35 | E73: 35 | F73: 35 | G73: 35 | H73: 35 | I73: 35 | J73: 35 | K73: 35 | L73: 35 | M73: 35 | N73: 35
B74: Doanh thu nghìn vnđ) | C74: =PRODUCT(C72,C73) -> 26285 | D74: =PRODUCT(D72,D73) -> 29820 | E74: =PRODUCT(E72,E73) -> 29890 | F74: =PRODUCT(F72,F73) -> 34440 | G74: =PRODUCT(G72,G73) -> 35000 | H74: =PRODUCT(H72,H73) -> 35420 | I74: =PRODUCT(I72,I73) -> 35805 | J74: =PRODUCT(J72,J73) -> 37625 | ... N74: =PRODUCT(N72,N73) -> 4235
A75: Trà gừng mật ong | B75: Sản lượng | C75: 550 | D75: 556 | E75: 575 | F75: 585 | G75: 756 | H75: 770 | I75: 800 | J75: 775 | K75: 780 | L75: 400 | M75: 423 | N75: 431
B76: giá bán (nghìn vnđ) | C76: 30 | D76: 30 | E76: 30 | F76: 30 | G76: 30 | H76: 30 | I76: 30 | J76: 30 | K76: 30 | L76: 30 | M76: 30 | N76: 30
B77: Doanh thu nghìn vnđ) | C77: =PRODUCT(C76,C75) -> 16500 | D77: =PRODUCT(D76,D75) -> 16680 | E77: =PRODUCT(E76,E75) -> 17250 | F77: =PRODUCT(F76,F75) -> 17550 | G77: =PRODUCT(G76,G75) -> 22680 | H77: =PRODUCT(H76,H75) -> 23100 | I77: =PRODUCT(I76,I75) -> 24000 | J77: =PRODUCT(J76,J75) -> 23250 | ... N77: =PRODUCT(N76,N75) -> 12930
A78: Trà hoa cúc | B78: Sản lượng | C78: 511 | D78: 552 | E78: 520 | F78: 650 | G78: 653 | H78: 656 | I78: 682 | J78: 684 | K78: 421 | L78: 456 | M78: 478 | N78: 457
B79: giá bán (nghìn vnđ) | C79: 30 | D79: 30 | E79: 30 | F79: 30 | G79: 30 | H79: 30 | I79: 30 | J79: 30 | K79: 30 | L79: 30 | M79: 30 | N79: 30
B80: Doanh thu nghìn vnđ) | C80: =PRODUCT(C79,C78) -> 15330 | D80: =PRODUCT(D79,D78) -> 16560 | E80: =PRODUCT(E79,E78) -> 15600 | F80: =PRODUCT(F79,F78) -> 19500 | G80: =PRODUCT(G79,G78) -> 19590 | H80: =PRODUCT(H79,H78) -> 19680 | I80: =PRODUCT(I79,I78) -> 20460 | J80: =PRODUCT(J79,J78) -> 20520 | ... N80: =PRODUCT(N79,N78) -> 13710
A81: Combo học tập/ nghỉ ngắn | B81: Sản lượng | C81: 123 | D81: 124 | E81: 150 | F81: 215 | G81: 267 | H81: 250 | I81: 270 | J81: 288 | K81: 212 | L81: 213 | M81: 214 | N81: 230
B82: giá bán (nghìn vnđ) | C82: 100 | D82: 100 | E82: 100 | F82: 100 | G82: 100 | H82: 100 | I82: 100 | J82: 100 | K82: 100 | L82: 100 | M82: 100 | N82: 100
B83: Doanh thu nghìn vnđ) | C83: =PRODUCT(C82,C81) -> 12300 | D83: =PRODUCT(D82,D81) -> 12400 | E83: =PRODUCT(E82,E81) -> 15000 | F83: =PRODUCT(F82,F81) -> 21500 | G83: =PRODUCT(G82,G81) -> 26700 | H83: =PRODUCT(H82,H81) -> 25000 | I83: =PRODUCT(I82,I81) -> 27000 | J83: =PRODUCT(J82,J81) -> 28800 | ... N83: =PRODUCT(N82,N81) -> 23000
A84: Tổng doanh thu theo tháng (1000đ) | C84: =SUM(C5+C8+C11+C14+C17+C20+C23+C26+C29+C32+C35+C38+C41+C44+C47+C50+C53+C56+C59+C62+C65+C68+C71+C74+C77+C80+C83) -> 399155 | D84: =SUM(D5+D8+D11+D14+D17+D20+D23+D26+D29+D32+D35+D38+D41+D44+D47+D50+D53+D56+D59+D62+D65+D68+D71+D74+D77+D80+D83) -> 426070 | E84: =SUM(E5+E8+E11+E14+E17+E20+E23+E26+E29+E32+E35+E38+E41+E44+E47+E50+E53+E56+E59+E62+E65+E68+E71+E74+E77+E80+E83) -> 422344 | F84: =SUM(F5+F8+F11+F14+F17+F20+F23+F26+F29+F32+F35+F38+F41+F44+F47+F50+F53+F56+F59+F62+F65+F68+F71+F74+F77+F80+F83) -> 486874 | G84: =SUM(G5+G8+G11+G14+G17+G20+G23+G26+G29+G32+G35+G38+G41+G44+G47+G50+G53+G56+G59+G62+G65+G68+G71+G74+G77+G80+G83) -> 500760 | H84: =SUM(H5+H8+H11+H14+H17+H20+H23+H26+H29+H32+H35+H38+H41+H44+H47+H50+H53+H56+H59+H62+H65+H68+H71+H74+H77+H80+H83) -> 511145 | I84: =SUM(I5+I8+I11+I14+I17+I20+I23+I26+I29+I32+I35+I38+I41+I44+I47+I50+I53+I56+I59+I62+I65+I68+I71+I74+I77+I80+I83) -> 563612 | J84: =SUM(J5+J8+J11+J14+J17+J20+J23+J26+J29+J32+J35+J38+J41+J44+J47+J50+J53+J56+J59+J62+J65+J68+J71+J74+J77+J80+J83) -> 590758 | ... N84: =SUM(N5+N8+N11+N14+N17+N20+N23+N26+N29+N32+N35+N38+N41+N44+N47+N50+N53+N56+N59+N62+N65+N68+N71+N74+N77+N80+N83) -> 501977
A85: Tổng doanh thu theo năm (1000đ) | C85: =SUM(C84:N84) -> 6022184

Sheet vị trí công việc
A1: Vị trí/ chức danh | B1: Số lượng | C1: Người đảm nhiệm | D1: Mô tả nhiệm vụ | E1: Lương/tháng (1000đ) | F1: Tổng lương/năm (1000đ)
A2: Quản lý điều hành | B2: 1 | C2: Nguyễn Quang Huy | D2: - Chịu trách nhiệm chung về hoạt động của quán. - Quản lý tài chính (doanh thu, chi phí), báo cáo hàng ngày/tuần. - Quản lý nhân sự: Sắp xếp lịch làm việc, chấm công, giải quyết các vấn đề phát sinh. - Quản lý kho: Kiểm kê, đặt hàng nguyên vật liệu. - Chăm sóc khách hàng và xử lý phàn nàn. - Lên kế hoạch marketing, khuyến mãi. | E2: 14.000đ | F2: 168000đ
A3: Thu ngân & Phục vụ | B3: 6 | C3: Đinh Văn Thiện-Thái Gia Bảo - Nguyễn Hải Yến | D3: Chào đón khách hàng. - Ghi nhận order, giới thiệu menu và các chương trình khuyến mãi. - Thực hiện thao tác thanh toán trên máy POS. - Bưng bê, phục vụ đồ uống và đồ ăn nhẹ cho khách. - Dọn dẹp và giữ vệ sinh khu vực khách ngồi. - Hỗ trợ khách hàng trong suốt quá trình trải nghiệm tại quán. | E3: 6.500x6=39.000đ | F3: 468000đ
A4: Nhân viên pha chế | B4: 4 | C4: Nguyễn Trung Hiếu | D4: Pha chế đồ uống theo đúng công thức và tiêu chuẩn. - Tư vấn menu, giới thiệu đồ uống cho khách. - Giữ gìn vệ sinh khu vực quầy bar và các thiết bị. - Hỗ trợ Barista Trưởng kiểm tra và chuẩn bị nguyên liệu. | E4: 7.000x4 = 28.000đ | F4: 336.000đ
C5: Phạm Minh Đức
A6: Thị trường & Marketing | B6: 1 | C6: Nguyễn Hữu Dương | D6: Nghiên cứu thị trường, phân tích khách hàng và đối thủ. Xây dựng chiến lược marketing, truyền thông và quảng bá thương hiệu. Triển khai các hoạt động bán hàng, chăm sóc khách hàng và phát triển thị trường. | E6: 8.000đ | F6: 96.000đ
A7: Tổng | B7: =SUM(B2:B6) -> 12 | E7: 89.000đ | F7: 1.068.000đ

Sheet xúc tiến bán
A2: STT | B2: Các phương pháp xúc tiến | C2: Chi tiết | D2: Chi phí (1000đ)/ tháng
A3: 1 | B3: Chiến dịch quảng cáo trực tuyến | C3: GD1: 10/10–20/10: Tặng nhân dịp khai trương + quảng cáo Google, Facebook Ads GD2: 25/10–30/10`: Tổ chức trải nghiệm “Ngày học thử – uống miễn phí” GĐ3: Chạy ads thường xuyên (với nội dung sáng tạo theo trend) | D3: 10000
A4: 2 | B4: PR | C4: Viết bài chia sẻ trên fanpage sinh viên, group học tập, báo địa phương | D4: 8000
A5: 3 | B5: Xúc tiến bán | C5: GD1: 10/10-15/10: Tặng đồ uống khi đặt bàn học nhóm ≥ 3 người GD2: Mua 4 tặng 1 đồ uống | D5: 5000
A6: 4 | B6: Bán hàng cá nhân | C6: Nhân viên tư vấn combo, upsell đồ uống kèm combo phòng học | D6: 2000
A7: 5 | B7: Marketing trực tiếp | C7: Email, tin nhắn giới thiệu ưu đãi cho khách hàng cũ | D7: 1000
A8: Tổng | D8: =SUM(D7,D6,D5,D4,D3) -> 26000

Sheet Danh mục sản phẩm
A1: TT | B1: Sản phẩm | C1: Mô tả | D1: Lợi thế
A2: 1 | B2: Cà phê đen | C2: Rang xay nguyên chất từ hạt cà phê Mộc Châu, đảm bảo tiêu chuẩn VietGAP | D2: Hương vị đậm đà, nguyên bản – nguồn gốc sạch
A3: 2 | B3: Cà phê sữa | C3: Pha chế theo công thức riêng, kết hợp giữa cà phê nguyên chất và sữa đặc | D3: Hương vị cân bằng, hợp gu giới trẻ
A4: 3 | B4: Espresso | C4: Rang xay cà phê Ý nguyên chất pha bằng máy, vị đậm mạnh | D4: Dành cho người cần tỉnh táo, yêu vị cà phê nguyên bản
A5: 4 | B5: Americano | C5: Rang xay cà phê Ý nguyên chất pha bằng máy, vị nhẹ hơn espresso | D5: Hương vị nhẹ nhàng dễ uống hơn hơn espresso
A6: 5 | B6: Bạc Xỉu | C6: Triết xuất cafe truyền thống ra và cho 1 lượng vừa đủ vào sau đó đánh bông lên và đổ sữa đặc vào. | D6: Hương vị nhẹ nhàng có chút ngọt của sữa đặc rất phù hợp nữ giới.
A7: 6 | B7: Trà hoa quả | C7: Trà tươi pha cùng trái cây tự nhiên, không phẩm màu | D7: Giải khát, tốt cho sức khỏe
A8: 7 | B8: Trà đào cam sả | C8: Trà kèm lát đào được cắt 1 cách tinh xảo và vừa miệng, 1 lát cam tươi sạch và sả tươi làm cốc trà trở nên đặc sắc hơn. | D8: Giúp giải khát, thơm, bắt trend
A9: 8 | B9: Trà chanh leo | C9: Nốt cốt chanh leo được tự tay nhân viên triết ra và được pha cùng 1 chút trà xanh . | D9: Thanh mát, hợp sinh viên
A10: 9 | B10: Trà sen vàng | C10: Lấy hạt sen là đồ decor và thưởng thức,sau đó lấy trà olong ra pha. | D10: Thanh mát, thư giãn, hợp người thích vị nhẹ
A11: 10 | B11: Trà sữa olong đường đen | C11: Trà olong pha với sữa dùng đường đen decord sau đó cho trân châu vào. | D11: Hot trend, hợp giới trẻ, dễ bán
A12: 11 | B12: Trà sữa olong matcha | C12: Trà olong kết hợp với matcha hòa cùng sữa tươi hoặc sữa béo, thêm thạch/trân châu. | D12: Hợp gu học sinh – sinh viên yêu vị trà xanh
A13: 12 | B13: Trà sữa truyền thống | C13: Trà đen hoặc olong pha với sữa, ngọt vừa. | D13: Giá rẻ, dễ uống, hợp nhiều đối tượng
... A28: 27 | B28: Combo học tập/ nghỉ ngắn | C28: Gói combo gồm đồ uống + không gian học tập hoặc nghỉ ngắn trong 2 giờ | D28: Mô hình mới lạ, thu hút sinh viên và nhân viên văn phòng

Sheet Bảng lợi nhuận
A1: Bảng 3.7.3 Ước tính lợi nhuận
A2: Chi phí | B2: 2025-2026
B3: T9 | C3: T10 | D3: T11 | E3: T12 | F3: T1 | G3: T2 | H3: T3 | I3: T4 | J3: T5 | K3: T6 | L3: T7 | M3: T8
A4: Doanh thu | B4: ='Doanh thu'!C84 -> 399155 | C4: ='Doanh thu'!D84 -> 426070 | D4: ='Doanh thu'!E84 -> 422344 | E4: ='Doanh thu'!F84 -> 486874 | F4: ='Doanh thu'!G84 -> 500760 | G4: ='Doanh thu'!H84 -> 511145 | H4: ='Doanh thu'!I84 -> 563612 | I4: ='Doanh thu'!J84 -> 590758 | ... M4: ='Doanh thu'!N84 -> 501977 | N4: =SUM(B4:M4) -> 6022184
A5: Chi phí | B5: ='Ước tính chi phí'!B21 -> 320492 | C5: ='Ước tính chi phí'!C21 -> 305343 | D5: ='Ước tính chi phí'!D21 -> 304501 | E5: ='Ước tính chi phí'!E21 -> 304816 | F5: ='Ước tính chi phí'!F21 -> 306112 | G5: ='Ước tính chi phí'!G21 -> 306199 | H5: ='Ước tính chi phí'!H21 -> 305732 | I5: ='Ước tính chi phí'!I21 -> 305843 | ... M5: ='Ước tính chi phí'!M21 -> 306491 | N5: =SUM(B5:M5) -> 3684802
A6: Lợi nhuận | B6: =B4-B5 -> 78663 | C6: =C4-C5 -> 120727 | D6: =D4-D5 -> 117843 | E6: =E4-E5 -> 182058 | F6: =F4-F5 -> 194648 | G6: =G4-G5 -> 204946 | H6: =H4-H5 -> 257880 | I6: =I4-I5 -> 284915 | ... M6: =M4-M5 -> 195486 | N6: =SUM(B6:M6) -> 2337382
A7: Tổng Lợi nhuận theo năm (nghìn vnđ) | B7: =SUM(C6:M6) -> 2258719
A8: Tỷ suất lợi nhuận/ doanh thu ROS | B8: =SUM(B6:M6)/SUM(B4:M4)*100 -> 38.812863
A9: Tỷ suất lợi nhuận/ vốn đầu tư ROI | B9: =SUM(B6:M6)/SUM(B5:M5)*100 -> 63.433042

Sheet ước tính vốn
B2: Bảng 3.7.4.1 Ước tính vốn khởi nghiệp | G2: Loại Nguồn vốn | H2: Nguồn | I2: Số tiền | J2: Diễn giải
B3: Chỉ tiêu | C3: số tiền (1000đ) | D3: Diễn giải | G3: Vốn chủ sở hữu | H3: Nguyễn Quang Huy | I3: 93000 | J3: tích góp khi đi làm
B4: 1. Vốn cố định | C4: 327165 | D4: Vốn ban đầu cho quán cafe | H4: Đinh Văn Thiện | I4: 93000 | J4: tích góp khi đi làm
B5: phí đkkd | C5: 200 | H5: Thái Gia Bảo | I5: 93000 | J5: tích góp khi đi làm
B6: sửa chữa mặt bằng | C6: 50000 | H6: Nguyễn Hải Yến | I6: 93000 | J6: tích góp khi đi làm
B7: mua trang thiết bị | C7: 276965 | H7: Nguyễn Hữu Dương | I7: 93000 | J7: tích góp khi đi làm
B8: 2. Vốn lưu động | C8: 275545 | H8: Phạm Minh Đức | I8: 93000 | J8: tích góp khi đi làm
B9: Thuê mặt bằng | C9: 100000 | H9: Nguyễn Quang Hiếu | I9: 93000 | J9: tích góp khi đi làm
B10: Trả lương | C10: 55500 | G10: Vốn vay | I10: 0
B11: Thuế môn bài | C11: 1000 | G11: Tổng ( nghìn vnđ) | I11: =SUM(I3:I10) -> 651000
B12: Marketing | C12: 26000 | G12: TỔNG | J12: =C17 -> 646210
B13: ĐIện, nước, vpp | C13: 7000
B14: Khác | C14: 2000
B15: cf nhập hàng | C15: 84045
B16: 3. Vốn dự phòng | C16: 43500
B17: Tổng vốn khởi nghiệp | C17: =C4+C8+C16 -> 646210

Sheet rủi ro
A1: Dự báo rủi ro | B1: Đánh giá mức độ ảnh hưởng | C1: Giải pháp kiểm soát, phòng ngừa và ứng phó
A2: Rủi ro cạnh tranh: Sự xuất hiện của các quán café mới, mô hình tương tự | B2: Cao | C2: - Nghiên cứu thị trường thường xuyên, đổi mới menu và không gian. - Tăng chất lượng phục vụ, tạo trải nghiệm riêng biệt (âm nhạc nhẹ, góc đọc yên tĩnh). - Duy trì mối quan hệ khách hàng thân thiết qua ưu đãi, thẻ thành viên.
A3: Rủi ro pháp lý: Thiếu giấy phép kinh doanh, vi phạm quy định về vệ sinh an toàn thực phẩm hoặc PCCC | B3: Cao | C3: - Đăng ký đầy đủ giấy phép kinh doanh, an toàn thực phẩm, PCCC. - Đào tạo nhân viên về quy định pháp luật, kiểm tra định kỳ.
A4: Rủi ro kinh tế: Giá nguyên liệu tăng, doanh thu giảm do suy thoái hoặc thay đổi xu hướng tiêu dùng | B4: Trung bình - cao | C4: - Dự trữ nguyên liệu dài hạn, chọn nhà cung cấp ổn định. - Đa dạng nguồn doanh thu (bán mang đi, cho thuê phòng học riêng). - Theo dõi chi phí, tối ưu vận hành.
A5: Rủi ro thiên tai: Mưa bão, ngập lụt ảnh hưởng hoạt động kinh doanh | B5: Thấp - trung bình | C5: - Chọn vị trí quán cao ráo, có hệ thống thoát nước tốt. - Mua bảo hiểm tài sản và rủi ro thiên tai. - Chuẩn bị kế hoạch đóng/mở linh hoạt.
A6: Rủi ro nhân sự: Nhân viên nghỉ đột xuất, phục vụ kém, gian lận tài chính | B6: Trung bình | C6: - Có chính sách đãi ngộ tốt, đào tạo kỹ năng phục vụ. - Sử dụng phần mềm quản lý bán hàng minh bạch. - Dự phòng nhân sự thay thế tạm thời.
A7: Rủi ro khách hàng: Phản hồi xấu, sự cố an toàn (mất đồ, va chạm…) | B7: Trung bình | C7: - Lắp camera an ninh, có nhân viên trực khu vực đọc – nghỉ. - Lắng nghe phản hồi khách hàng, xử lý kịp thời. - Quy định rõ nội quy sử dụng phòng đọc/nghỉ.
A8: Rủi ro sức khỏe – vệ sinh: Thực phẩm hỏng, khách ngộ độc, dịch bệnh | B8: Cao | C8: - Bảo quản nguyên liệu đúng quy trình, chọn nguồn cung uy tín. - Đảm bảo vệ sinh trong pha chế và phục vụ. - Khử khuẩn định kỳ và tuân thủ quy định y tế.
A9: Rủi ro tài chính: Thiếu vốn duy trì hoạt động giai đoạn đầu | B9: Cao | C9: - Dự phòng vốn lưu động ít nhất 3–6 tháng. - Theo dõi dòng tiền và lập kế hoạch tài chính chi tiết. - Huy động vốn từ đối tác hoặc người thân khi cần.
